#
# There is insufficient memory for the Java Runtime Environment to continue.
# Native memory allocation (mmap) failed to map 1006632960 bytes. Error detail: G1 virtual space
# Possible reasons:
#   The system is out of physical RAM or swap space
#   This process is running with CompressedOops enabled, and the Java Heap may be blocking the growth of the native heap
# Possible solutions:
#   Reduce memory load on the system
#   Increase physical memory or swap space
#   Check if swap backing store is full
#   Decrease Java heap size (-Xmx/-Xms)
#   Decrease number of Java threads
#   Decrease Java thread stack sizes (-Xss)
#   Set larger code cache with -XX:ReservedCodeCacheSize=
#   JVM is running with Zero Based Compressed Oops mode in which the Java heap is
#     placed in the first 32GB address space. The Java Heap base address is the
#     maximum limit for the native heap growth. Please use -XX:HeapBaseMinAddress
#     to set the Java Heap base and to place the Java Heap above 32GB virtual address.
# This output file may be truncated or incomplete.
#
#  Out of Memory Error (os_windows.cpp:3766), pid=21864, tid=12168
#
# JRE version: OpenJDK Runtime Environment (25.0.2) (build 25.0.2+-15348964-b329.117)
# Java VM: OpenJDK 64-Bit Server VM (25.0.2+-15348964-b329.117, mixed mode, tiered, compressed oops, compressed class ptrs, g1 gc, windows-amd64)
# No core dump will be written. Minidumps are not enabled by default on client versions of Windows
#

---------------  S U M M A R Y ------------

Command Line: --add-opens=java.base/java.lang=ALL-UNNAMED --add-opens=java.base/java.lang.invoke=ALL-UNNAMED --add-opens=java.base/java.util=ALL-UNNAMED --add-opens=java.prefs/java.util.prefs=ALL-UNNAMED --add-exports=jdk.compiler/com.sun.tools.javac.api=ALL-UNNAMED --add-exports=jdk.compiler/com.sun.tools.javac.util=ALL-UNNAMED --add-opens=java.base/java.util=ALL-UNNAMED --add-opens=java.prefs/java.util.prefs=ALL-UNNAMED --add-opens=java.base/java.nio.charset=ALL-UNNAMED --add-opens=java.base/java.net=ALL-UNNAMED --add-opens=java.base/java.util.concurrent=ALL-UNNAMED --add-opens=java.base/java.util.concurrent.atomic=ALL-UNNAMED --add-opens=java.xml/javax.xml.namespace=ALL-UNNAMED --add-opens=java.base/java.time=ALL-UNNAMED --enable-native-access=ALL-UNNAMED -XX:MaxMetaspaceSize=4G -XX:ReservedCodeCacheSize=512m -XX:+HeapDumpOnOutOfMemoryError -Xmx8G -Dfile.encoding=UTF-8 -Duser.country=PH -Duser.language=en -Duser.variant -javaagent:C:\Users\eunic\.gradle\wrapper\dists\gradle-9.1.0-all\7wzd0jkjit61aq2p43wpjgij9\gradle-9.1.0\lib\agents\gradle-instrumentation-agent-9.1.0.jar org.gradle.launcher.daemon.bootstrap.GradleDaemon 9.1.0

Host: AMD Ryzen 5 7520U with Radeon Graphics         , 8 cores, 5G,  Windows 11 , 64 bit Build 26100 (10.0.26100.9444)
Time: Thu Sep 24 09:04:46 2026 Malay Peninsula Standard Time elapsed time: 496.032723 seconds (0d 0h 8m 16s)

---------------  T H R E A D  ---------------

Current thread (0x0000024bf47cf6f0):  VMThread "VM Thread"          [id=12168, stack(0x000000de80700000,0x000000de80800000) (1024K)]

Stack: [0x000000de80700000,0x000000de80800000]
Native frames: (J=compiled Java code, j=interpreted, Vv=VM code, C=native code)
V  [jvm.dll+0x7bd439]  (no source info available)
V  [jvm.dll+0x78763d]  (no source info available)
V  [jvm.dll+0xa0c885]  (no source info available)
V  [jvm.dll+0xa0ef04]  (no source info available)
V  [jvm.dll+0xa0f603]  (no source info available)
V  [jvm.dll+0x309bf6]  (no source info available)
V  [jvm.dll+0x7b9545]  (no source info available)
V  [jvm.dll+0x7ac047]  (no source info available)
V  [jvm.dll+0x3fdeab]  (no source info available)
V  [jvm.dll+0x406066]  (no source info available)
V  [jvm.dll+0x3f2516]  (no source info available)
V  [jvm.dll+0x3f27f8]  (no source info available)
V  [jvm.dll+0x3c7b82]  (no source info available)
V  [jvm.dll+0x3c7c1a]  (no source info available)
V  [jvm.dll+0x4172d0]  (no source info available)
V  [jvm.dll+0x415bf1]  (no source info available)
V  [jvm.dll+0x3c72b7]  (no source info available)
V  [jvm.dll+0x41502f]  (no source info available)
V  [jvm.dll+0xa158ca]  (no source info available)
V  [jvm.dll+0xa16bd1]  (no source info available)
V  [jvm.dll+0xa17148]  (no source info available)
V  [jvm.dll+0xa173d3]  (no source info available)
V  [jvm.dll+0x9ab9c8]  (no source info available)
V  [jvm.dll+0x7bb985]  (no source info available)
C  [ucrtbase.dll+0x2cd30]  (no source info available)
C  [KERNEL32.DLL+0x2cd87]  (no source info available)
C  [ntdll.dll+0xacaec]  (no source info available)

VM_Operation (0x000000de81df82f0): G1CollectForAllocation, mode: safepoint, requested by thread 0x0000024bfddc4e40


---------------  P R O C E S S  ---------------

Threads class SMR info:
_java_thread_list=0x0000024b8a8d7420, length=130, elements={
0x0000024bc6a327b0, 0x0000024bf47f69d0, 0x0000024bf71e60d0, 0x0000024bf71e6f30,
0x0000024bf4800760, 0x0000024bf4801320, 0x0000024bf4801ee0, 0x0000024bf71d0090,
0x0000024bf480aad0, 0x0000024bf720e530, 0x0000024bf75cc770, 0x0000024bfda8af80,
0x0000024bfd9a9270, 0x0000024bfda41ac0, 0x0000024bfdbfa450, 0x0000024bfddcfe80,
0x0000024bfddc65b0, 0x0000024bfddc4e40, 0x0000024bfddc7550, 0x0000024bfdc2d650,
0x0000024bfdc2edc0, 0x0000024bfdc314d0, 0x0000024bfdc31ca0, 0x0000024bfdc32470,
0x0000024bfdc33be0, 0x0000024bfc6a7800, 0x0000024bfc6a7fd0, 0x0000024bfc6a8f70,
0x0000024bfc6a7030, 0x0000024bfc6ac620, 0x0000024bfc6aaeb0, 0x0000024bfc6ab680,
0x0000024b8053a110, 0x0000024b80653e70, 0x0000024b80e89330, 0x0000024b80e8a2d0,
0x0000024bfeb39410, 0x0000024b804942e0, 0x0000024b804923a0, 0x0000024b80490c30,
0x0000024b80494ab0, 0x0000024b80495280, 0x0000024b80495a50, 0x0000024b80492b70,
0x0000024b8109b770, 0x0000024b810980c0, 0x0000024b8109bf40, 0x0000024b8109f5f0,
0x0000024b8109e650, 0x0000024b810a0d60, 0x0000024b810a1530, 0x0000024b810a1d00,
0x0000024b810a2ca0, 0x0000024b810a4410, 0x0000024b810a5b80, 0x0000024b810a24d0,
0x0000024b810a3470, 0x0000024b810a72f0, 0x0000024b96733f50, 0x0000024b96734ef0,
0x0000024b96735e90, 0x0000024b96737dd0, 0x0000024b96737600, 0x0000024b9673a4e0,
0x0000024b9673acb0, 0x0000024b96739d10, 0x0000024b9673db90, 0x0000024b9673d3c0,
0x0000024b9673f300, 0x0000024b9673c420, 0x0000024b9673cbf0, 0x0000024b81416a50,
0x0000024b814181c0, 0x0000024b81419160, 0x0000024b95972610, 0x0000024b959735b0,
0x0000024b95971e40, 0x0000024b95972de0, 0x0000024b959706d0, 0x0000024b95974550,
0x0000024b95974d20, 0x0000024b959754f0, 0x0000024b95979370, 0x0000024b95978ba0,
0x0000024b9597a310, 0x0000024b95977430, 0x0000024b9597b2b0, 0x0000024b80651f30,
0x0000024b9673b480, 0x0000024b96a517b0, 0x0000024b96a50810, 0x0000024b96a50040,
0x0000024b96a51f80, 0x0000024b96a53ec0, 0x0000024b96a56da0, 0x0000024b96a54e60,
0x0000024b96a54690, 0x0000024b96a536f0, 0x0000024b96a565d0, 0x0000024b96a58ce0,
0x0000024b96a594b0, 0x0000024b96a5e2d0, 0x0000024b96a5eaa0, 0x0000024b96a5b3f0,
0x0000024b96a5cb60, 0x0000024b96a5bbc0, 0x0000024b96a611b0, 0x0000024b96a62920,
0x0000024b96a60210, 0x0000024b96a630f0, 0x0000024b96a609e0, 0x0000024b96a667a0,
0x0000024b96a65030, 0x0000024b96a64860, 0x0000024b96a65800, 0x0000024b96a686e0,
0x0000024b96a6bd90, 0x0000024b96a68eb0, 0x0000024b96a69680, 0x0000024b96a6d500,
0x0000024b962d84c0, 0x0000024b962dc340, 0x0000024b962dcb10, 0x0000024b962dd2e0,
0x0000024b962e1930, 0x0000024b962e3870, 0x0000024b962e7ec0, 0x0000024b962e8690,
0x0000024b962e4fe0, 0x0000024b80652700
}

Java Threads: ( => current thread )
  0x0000024bc6a327b0 JavaThread "main"                              [_thread_blocked, id=16104, stack(0x000000de80000000,0x000000de80100000) (1024K)]
  0x0000024bf47f69d0 JavaThread "Common-Cleaner"             daemon [_thread_blocked, id=14616, stack(0x000000de80800000,0x000000de80900000) (1024K)]
  0x0000024bf71e60d0 JavaThread "Reference Handler"          daemon [_thread_blocked, id=2296, stack(0x000000de80900000,0x000000de80a00000) (1024K)]
  0x0000024bf71e6f30 JavaThread "Finalizer"                  daemon [_thread_blocked, id=24060, stack(0x000000de80a00000,0x000000de80b00000) (1024K)]
  0x0000024bf4800760 JavaThread "Signal Dispatcher"          daemon [_thread_blocked, id=16008, stack(0x000000de80b00000,0x000000de80c00000) (1024K)]
  0x0000024bf4801320 JavaThread "Attach Listener"            daemon [_thread_blocked, id=22196, stack(0x000000de80c00000,0x000000de80d00000) (1024K)]
  0x0000024bf4801ee0 JavaThread "Service Thread"             daemon [_thread_blocked, id=23280, stack(0x000000de80d00000,0x000000de80e00000) (1024K)]
  0x0000024bf71d0090 JavaThread "Monitor Deflation Thread"   daemon [_thread_blocked, id=21800, stack(0x000000de80e00000,0x000000de80f00000) (1024K)]
  0x0000024bf480aad0 JavaThread "C2 CompilerThread0"         daemon [_thread_blocked, id=18948, stack(0x000000de80f00000,0x000000de81000000) (1024K)]
  0x0000024bf720e530 JavaThread "C1 CompilerThread0"         daemon [_thread_blocked, id=20052, stack(0x000000de81000000,0x000000de81100000) (1024K)]
  0x0000024bf75cc770 JavaThread "Notification Thread"        daemon [_thread_blocked, id=23256, stack(0x000000de81100000,0x000000de81200000) (1024K)]
  0x0000024bfda8af80 JavaThread "Daemon health stats"               [_thread_blocked, id=11120, stack(0x000000de81700000,0x000000de81800000) (1024K)]
  0x0000024bfd9a9270 JavaThread "Incoming local TCP Connector on port 51649"        [_thread_in_native, id=24224, stack(0x000000de81800000,0x000000de81900000) (1024K)]
  0x0000024bfda41ac0 JavaThread "Daemon periodic checks"            [_thread_blocked, id=21260, stack(0x000000de81900000,0x000000de81a00000) (1024K)]
  0x0000024bfdbfa450 JavaThread "Daemon"                            [_thread_blocked, id=21448, stack(0x000000de81a00000,0x000000de81b00000) (1024K)]
  0x0000024bfddcfe80 JavaThread "Handler for socket connection from /127.0.0.1:51649 to /127.0.0.1:51651"        [_thread_in_native, id=21736, stack(0x000000de81b00000,0x000000de81c00000) (1024K)]
  0x0000024bfddc65b0 JavaThread "Cancel handler"                    [_thread_blocked, id=21564, stack(0x000000de81c00000,0x000000de81d00000) (1024K)]
  0x0000024bfddc4e40 JavaThread "Daemon worker"                     [_thread_blocked, id=25428, stack(0x000000de81d00000,0x000000de81e00000) (1024K)]
  0x0000024bfddc7550 JavaThread "Asynchronous log dispatcher for DefaultDaemonConnection: socket connection from /127.0.0.1:51649 to /127.0.0.1:51651"        [_thread_blocked, id=21072, stack(0x000000de81e00000,0x000000de81f00000) (1024K)]
  0x0000024bfdc2d650 JavaThread "Stdin handler"                     [_thread_blocked, id=25408, stack(0x000000de81f00000,0x000000de82000000) (1024K)]
  0x0000024bfdc2edc0 JavaThread "Daemon client event forwarder"        [_thread_blocked, id=14368, stack(0x000000de82000000,0x000000de82100000) (1024K)]
  0x0000024bfdc314d0 JavaThread "Cache worker for journal cache (C:\Users\eunic\.gradle\caches\journal-1)"        [_thread_blocked, id=23540, stack(0x000000de82400000,0x000000de82500000) (1024K)]
  0x0000024bfdc31ca0 JavaThread "File lock request listener"        [_thread_in_native, id=17836, stack(0x000000de82500000,0x000000de82600000) (1024K)]
  0x0000024bfdc32470 JavaThread "Cache worker for file hash cache (C:\Users\eunic\.gradle\caches\9.1.0\fileHashes)"        [_thread_blocked, id=22140, stack(0x000000de82600000,0x000000de82700000) (1024K)]
  0x0000024bfdc33be0 JavaThread "Cache worker for file hash cache (C:\Users\eunic\Downloads\churchmate_scaffold\churchmate_scaffold\android\.gradle\9.1.0\fileHashes)"        [_thread_blocked, id=19196, stack(0x000000de82700000,0x000000de82800000) (1024K)]
  0x0000024bfc6a7800 JavaThread "Cache worker for Build Output Cleanup Cache (C:\Users\eunic\Downloads\churchmate_scaffold\churchmate_scaffold\android\.gradle\buildOutputCleanup)"        [_thread_blocked, id=23520, stack(0x000000de82800000,0x000000de82900000) (1024K)]
  0x0000024bfc6a7fd0 JavaThread "File watcher server"        daemon [_thread_in_native, id=24744, stack(0x000000de82900000,0x000000de82a00000) (1024K)]
  0x0000024bfc6a8f70 JavaThread "File watcher consumer"      daemon [_thread_blocked, id=14656, stack(0x000000de82a00000,0x000000de82b00000) (1024K)]
  0x0000024bfc6a7030 JavaThread "Cache worker for checksums cache (C:\Users\eunic\Downloads\churchmate_scaffold\churchmate_scaffold\android\.gradle\9.1.0\checksums)"        [_thread_blocked, id=23640, stack(0x000000de82b00000,0x000000de82c00000) (1024K)]
  0x0000024bfc6ac620 JavaThread "Cache worker for file content cache (C:\Users\eunic\.gradle\caches\9.1.0\fileContent)"        [_thread_blocked, id=16864, stack(0x000000de82c00000,0x000000de82d00000) (1024K)]
  0x0000024bfc6aaeb0 JavaThread "Cache worker for cache directory md-supplier (C:\Users\eunic\.gradle\caches\9.1.0\md-supplier)"        [_thread_blocked, id=25244, stack(0x000000de82d00000,0x000000de82e00000) (1024K)]
  0x0000024bfc6ab680 JavaThread "Cache worker for cache directory md-rule (C:\Users\eunic\.gradle\caches\9.1.0\md-rule)"        [_thread_blocked, id=23140, stack(0x000000de82e00000,0x000000de82f00000) (1024K)]
  0x0000024b8053a110 JavaThread "Cache worker for Build Output Cleanup Cache (C:\Users\eunic\Downloads\flutter_windows_3.44.9-stable\flutter\packages\flutter_tools\gradle\.gradle\buildOutputCleanup)"        [_thread_blocked, id=21496, stack(0x000000de82f00000,0x000000de83000000) (1024K)]
  0x0000024b80653e70 JavaThread "Kotlin DSL Writer"                 [_thread_blocked, id=23956, stack(0x000000de83100000,0x000000de83200000) (1024K)]
  0x0000024b80e89330 JavaThread "Unconstrained build operations"        [_thread_blocked, id=25388, stack(0x000000de83400000,0x000000de83500000) (1024K)]
  0x0000024b80e8a2d0 JavaThread "Unconstrained build operations Thread 2"        [_thread_blocked, id=23488, stack(0x000000de83500000,0x000000de83600000) (1024K)]
  0x0000024bfeb39410 JavaThread "Unconstrained build operations Thread 3"        [_thread_blocked, id=23212, stack(0x000000de83600000,0x000000de83700000) (1024K)]
  0x0000024b804942e0 JavaThread "Unconstrained build operations Thread 4"        [_thread_blocked, id=1800, stack(0x000000de83700000,0x000000de83800000) (1024K)]
  0x0000024b804923a0 JavaThread "Unconstrained build operations Thread 5"        [_thread_blocked, id=24628, stack(0x000000de83800000,0x000000de83900000) (1024K)]
  0x0000024b80490c30 JavaThread "Unconstrained build operations Thread 6"        [_thread_blocked, id=5860, stack(0x000000de83900000,0x000000de83a00000) (1024K)]
  0x0000024b80494ab0 JavaThread "Unconstrained build operations Thread 7"        [_thread_blocked, id=12988, stack(0x000000de83a00000,0x000000de83b00000) (1024K)]
  0x0000024b80495280 JavaThread "Unconstrained build operations Thread 8"        [_thread_blocked, id=8548, stack(0x000000de83b00000,0x000000de83c00000) (1024K)]
  0x0000024b80495a50 JavaThread "Unconstrained build operations Thread 9"        [_thread_blocked, id=23532, stack(0x000000de83c00000,0x000000de83d00000) (1024K)]
  0x0000024b80492b70 JavaThread "Unconstrained build operations Thread 10"        [_thread_blocked, id=11200, stack(0x000000de83d00000,0x000000de83e00000) (1024K)]
  0x0000024b8109b770 JavaThread "Unconstrained build operations Thread 11"        [_thread_blocked, id=15524, stack(0x000000de83e00000,0x000000de83f00000) (1024K)]
  0x0000024b810980c0 JavaThread "Unconstrained build operations Thread 12"        [_thread_blocked, id=23504, stack(0x000000de83f00000,0x000000de84000000) (1024K)]
  0x0000024b8109bf40 JavaThread "Unconstrained build operations Thread 13"        [_thread_blocked, id=25316, stack(0x000000de84000000,0x000000de84100000) (1024K)]
  0x0000024b8109f5f0 JavaThread "Unconstrained build operations Thread 14"        [_thread_blocked, id=2156, stack(0x000000de84100000,0x000000de84200000) (1024K)]
  0x0000024b8109e650 JavaThread "Unconstrained build operations Thread 15"        [_thread_blocked, id=12324, stack(0x000000de84200000,0x000000de84300000) (1024K)]
  0x0000024b810a0d60 JavaThread "Unconstrained build operations Thread 16"        [_thread_blocked, id=23868, stack(0x000000de84300000,0x000000de84400000) (1024K)]
  0x0000024b810a1530 JavaThread "Unconstrained build operations Thread 17"        [_thread_blocked, id=7912, stack(0x000000de84400000,0x000000de84500000) (1024K)]
  0x0000024b810a1d00 JavaThread "Unconstrained build operations Thread 18"        [_thread_blocked, id=14608, stack(0x000000de84500000,0x000000de84600000) (1024K)]
  0x0000024b810a2ca0 JavaThread "Unconstrained build operations Thread 19"        [_thread_blocked, id=19556, stack(0x000000de84600000,0x000000de84700000) (1024K)]
  0x0000024b810a4410 JavaThread "Unconstrained build operations Thread 20"        [_thread_blocked, id=5136, stack(0x000000de84700000,0x000000de84800000) (1024K)]
  0x0000024b810a5b80 JavaThread "Unconstrained build operations Thread 21"        [_thread_blocked, id=4740, stack(0x000000de84800000,0x000000de84900000) (1024K)]
  0x0000024b810a24d0 JavaThread "Unconstrained build operations Thread 22"        [_thread_blocked, id=10920, stack(0x000000de84900000,0x000000de84a00000) (1024K)]
  0x0000024b810a3470 JavaThread "Unconstrained build operations Thread 23"        [_thread_blocked, id=11996, stack(0x000000de84a00000,0x000000de84b00000) (1024K)]
  0x0000024b810a72f0 JavaThread "Unconstrained build operations Thread 24"        [_thread_blocked, id=21164, stack(0x000000de84b00000,0x000000de84c00000) (1024K)]
  0x0000024b96733f50 JavaThread "Unconstrained build operations Thread 25"        [_thread_blocked, id=18216, stack(0x000000de84c00000,0x000000de84d00000) (1024K)]
  0x0000024b96734ef0 JavaThread "Unconstrained build operations Thread 26"        [_thread_blocked, id=24696, stack(0x000000de84d00000,0x000000de84e00000) (1024K)]
  0x0000024b96735e90 JavaThread "Unconstrained build operations Thread 27"        [_thread_blocked, id=21436, stack(0x000000de84e00000,0x000000de84f00000) (1024K)]
  0x0000024b96737dd0 JavaThread "Unconstrained build operations Thread 28"        [_thread_blocked, id=9404, stack(0x000000de84f00000,0x000000de85000000) (1024K)]
  0x0000024b96737600 JavaThread "Unconstrained build operations Thread 29"        [_thread_blocked, id=24364, stack(0x000000de85000000,0x000000de85100000) (1024K)]
  0x0000024b9673a4e0 JavaThread "Unconstrained build operations Thread 30"        [_thread_blocked, id=5316, stack(0x000000de85100000,0x000000de85200000) (1024K)]
  0x0000024b9673acb0 JavaThread "Unconstrained build operations Thread 31"        [_thread_blocked, id=10712, stack(0x000000de85200000,0x000000de85300000) (1024K)]
  0x0000024b96739d10 JavaThread "Unconstrained build operations Thread 32"        [_thread_blocked, id=13400, stack(0x000000de85300000,0x000000de85400000) (1024K)]
  0x0000024b9673db90 JavaThread "Unconstrained build operations Thread 33"        [_thread_blocked, id=25372, stack(0x000000de85400000,0x000000de85500000) (1024K)]
  0x0000024b9673d3c0 JavaThread "Unconstrained build operations Thread 34"        [_thread_blocked, id=14436, stack(0x000000de85500000,0x000000de85600000) (1024K)]
  0x0000024b9673f300 JavaThread "Unconstrained build operations Thread 35"        [_thread_blocked, id=9072, stack(0x000000de85600000,0x000000de85700000) (1024K)]
  0x0000024b9673c420 JavaThread "Unconstrained build operations Thread 36"        [_thread_blocked, id=5200, stack(0x000000de85700000,0x000000de85800000) (1024K)]
  0x0000024b9673cbf0 JavaThread "Unconstrained build operations Thread 37"        [_thread_blocked, id=22704, stack(0x000000de85800000,0x000000de85900000) (1024K)]
  0x0000024b81416a50 JavaThread "Unconstrained build operations Thread 38"        [_thread_blocked, id=21952, stack(0x000000de85900000,0x000000de85a00000) (1024K)]
  0x0000024b814181c0 JavaThread "Memory manager"                    [_thread_blocked, id=21604, stack(0x000000de85c00000,0x000000de85d00000) (1024K)]
  0x0000024b81419160 JavaThread "build event listener"              [_thread_blocked, id=22248, stack(0x000000de85d00000,0x000000de85e00000) (1024K)]
  0x0000024b95972610 JavaThread "Execution worker"                  [_thread_blocked, id=3564, stack(0x000000de83200000,0x000000de83300000) (1024K)]
  0x0000024b959735b0 JavaThread "Execution worker Thread 2"         [_thread_blocked, id=16004, stack(0x000000de85e00000,0x000000de85f00000) (1024K)]
  0x0000024b95971e40 JavaThread "Execution worker Thread 3"         [_thread_blocked, id=25284, stack(0x000000de85f00000,0x000000de86000000) (1024K)]
  0x0000024b95972de0 JavaThread "Execution worker Thread 4"         [_thread_blocked, id=24180, stack(0x000000de86000000,0x000000de86100000) (1024K)]
  0x0000024b959706d0 JavaThread "Execution worker Thread 5"         [_thread_blocked, id=9272, stack(0x000000de86100000,0x000000de86200000) (1024K)]
  0x0000024b95974550 JavaThread "Execution worker Thread 6"         [_thread_blocked, id=25300, stack(0x000000de86200000,0x000000de86300000) (1024K)]
  0x0000024b95974d20 JavaThread "Execution worker Thread 7"         [_thread_blocked, id=19608, stack(0x000000de86300000,0x000000de86400000) (1024K)]
  0x0000024b959754f0 JavaThread "Cache worker for execution history cache (C:\Users\eunic\Downloads\flutter_windows_3.44.9-stable\flutter\packages\flutter_tools\gradle\.gradle\9.1.0\executionHistory)"        [_thread_blocked, id=21172, stack(0x000000de86400000,0x000000de86500000) (1024K)]
  0x0000024b95979370 JavaThread "Unconstrained build operations Thread 39"        [_thread_blocked, id=5080, stack(0x000000de86500000,0x000000de86600000) (1024K)]
  0x0000024b95978ba0 JavaThread "Unconstrained build operations Thread 40"        [_thread_blocked, id=14264, stack(0x000000de86600000,0x000000de86700000) (1024K)]
  0x0000024b9597a310 JavaThread "Unconstrained build operations Thread 41"        [_thread_blocked, id=23440, stack(0x000000de86700000,0x000000de86800000) (1024K)]
  0x0000024b95977430 JavaThread "Unconstrained build operations Thread 42"        [_thread_blocked, id=20060, stack(0x000000de86800000,0x000000de86900000) (1024K)]
  0x0000024b9597b2b0 JavaThread "Unconstrained build operations Thread 43"        [_thread_blocked, id=10676, stack(0x000000de86900000,0x000000de86a00000) (1024K)]
  0x0000024b80651f30 JavaThread "Unconstrained build operations Thread 44"        [_thread_blocked, id=2592, stack(0x000000de86a00000,0x000000de86b00000) (1024K)]
  0x0000024b9673b480 JavaThread "Unconstrained build operations Thread 45"        [_thread_blocked, id=20256, stack(0x000000de86b00000,0x000000de86c00000) (1024K)]
  0x0000024b96a517b0 JavaThread "Unconstrained build operations Thread 46"        [_thread_blocked, id=3620, stack(0x000000de86c00000,0x000000de86d00000) (1024K)]
  0x0000024b96a50810 JavaThread "Unconstrained build operations Thread 47"        [_thread_blocked, id=22084, stack(0x000000de86d00000,0x000000de86e00000) (1024K)]
  0x0000024b96a50040 JavaThread "Unconstrained build operations Thread 48"        [_thread_blocked, id=20508, stack(0x000000de86e00000,0x000000de86f00000) (1024K)]
  0x0000024b96a51f80 JavaThread "Unconstrained build operations Thread 49"        [_thread_blocked, id=21668, stack(0x000000de86f00000,0x000000de87000000) (1024K)]
  0x0000024b96a53ec0 JavaThread "Unconstrained build operations Thread 50"        [_thread_blocked, id=3516, stack(0x000000de87000000,0x000000de87100000) (1024K)]
  0x0000024b96a56da0 JavaThread "Unconstrained build operations Thread 51"        [_thread_blocked, id=10176, stack(0x000000de87100000,0x000000de87200000) (1024K)]
  0x0000024b96a54e60 JavaThread "Unconstrained build operations Thread 52"        [_thread_blocked, id=19836, stack(0x000000de87200000,0x000000de87300000) (1024K)]
  0x0000024b96a54690 JavaThread "Unconstrained build operations Thread 53"        [_thread_blocked, id=17096, stack(0x000000de87300000,0x000000de87400000) (1024K)]
  0x0000024b96a536f0 JavaThread "Unconstrained build operations Thread 54"        [_thread_blocked, id=20768, stack(0x000000de87400000,0x000000de87500000) (1024K)]
  0x0000024b96a565d0 JavaThread "Unconstrained build operations Thread 55"        [_thread_blocked, id=13796, stack(0x000000de87500000,0x000000de87600000) (1024K)]
  0x0000024b96a58ce0 JavaThread "Unconstrained build operations Thread 56"        [_thread_blocked, id=9188, stack(0x000000de87600000,0x000000de87700000) (1024K)]
  0x0000024b96a594b0 JavaThread "Unconstrained build operations Thread 57"        [_thread_blocked, id=21224, stack(0x000000de87700000,0x000000de87800000) (1024K)]
  0x0000024b96a5e2d0 JavaThread "Unconstrained build operations Thread 58"        [_thread_blocked, id=11668, stack(0x000000de87800000,0x000000de87900000) (1024K)]
  0x0000024b96a5eaa0 JavaThread "Unconstrained build operations Thread 59"        [_thread_blocked, id=11032, stack(0x000000de87900000,0x000000de87a00000) (1024K)]
  0x0000024b96a5b3f0 JavaThread "Unconstrained build operations Thread 60"        [_thread_blocked, id=21792, stack(0x000000de87a00000,0x000000de87b00000) (1024K)]
  0x0000024b96a5cb60 JavaThread "Unconstrained build operations Thread 61"        [_thread_blocked, id=17504, stack(0x000000de87b00000,0x000000de87c00000) (1024K)]
  0x0000024b96a5bbc0 JavaThread "Unconstrained build operations Thread 62"        [_thread_blocked, id=1588, stack(0x000000de87c00000,0x000000de87d00000) (1024K)]
  0x0000024b96a611b0 JavaThread "Unconstrained build operations Thread 63"        [_thread_blocked, id=22768, stack(0x000000de87d00000,0x000000de87e00000) (1024K)]
  0x0000024b96a62920 JavaThread "Unconstrained build operations Thread 64"        [_thread_blocked, id=21276, stack(0x000000de87e00000,0x000000de87f00000) (1024K)]
  0x0000024b96a60210 JavaThread "Unconstrained build operations Thread 65"        [_thread_blocked, id=19884, stack(0x000000de87f00000,0x000000de88000000) (1024K)]
  0x0000024b96a630f0 JavaThread "Unconstrained build operations Thread 66"        [_thread_blocked, id=3628, stack(0x000000de88000000,0x000000de88100000) (1024K)]
  0x0000024b96a609e0 JavaThread "Unconstrained build operations Thread 67"        [_thread_blocked, id=23064, stack(0x000000de88100000,0x000000de88200000) (1024K)]
  0x0000024b96a667a0 JavaThread "Unconstrained build operations Thread 68"        [_thread_blocked, id=22520, stack(0x000000de88200000,0x000000de88300000) (1024K)]
  0x0000024b96a65030 JavaThread "Unconstrained build operations Thread 69"        [_thread_blocked, id=10832, stack(0x000000de88300000,0x000000de88400000) (1024K)]
  0x0000024b96a64860 JavaThread "Unconstrained build operations Thread 70"        [_thread_blocked, id=13528, stack(0x000000de88400000,0x000000de88500000) (1024K)]
  0x0000024b96a65800 JavaThread "Unconstrained build operations Thread 71"        [_thread_blocked, id=13824, stack(0x000000de88500000,0x000000de88600000) (1024K)]
  0x0000024b96a686e0 JavaThread "Unconstrained build operations Thread 72"        [_thread_blocked, id=20512, stack(0x000000de88600000,0x000000de88700000) (1024K)]
  0x0000024b96a6bd90 JavaThread "Unconstrained build operations Thread 73"        [_thread_blocked, id=17244, stack(0x000000de88700000,0x000000de88800000) (1024K)]
  0x0000024b96a68eb0 JavaThread "Unconstrained build operations Thread 74"        [_thread_blocked, id=25380, stack(0x000000de88800000,0x000000de88900000) (1024K)]
  0x0000024b96a69680 JavaThread "Unconstrained build operations Thread 75"        [_thread_blocked, id=24600, stack(0x000000de88900000,0x000000de88a00000) (1024K)]
  0x0000024b96a6d500 JavaThread "Unconstrained build operations Thread 76"        [_thread_blocked, id=18712, stack(0x000000de88a00000,0x000000de88b00000) (1024K)]
  0x0000024b962d84c0 JavaThread "Unconstrained build operations Thread 77"        [_thread_blocked, id=9944, stack(0x000000de88b00000,0x000000de88c00000) (1024K)]
  0x0000024b962dc340 JavaThread "Unconstrained build operations Thread 78"        [_thread_blocked, id=8484, stack(0x000000de88c00000,0x000000de88d00000) (1024K)]
  0x0000024b962dcb10 JavaThread "Unconstrained build operations Thread 79"        [_thread_blocked, id=15464, stack(0x000000de88d00000,0x000000de88e00000) (1024K)]
  0x0000024b962dd2e0 JavaThread "Unconstrained build operations Thread 80"        [_thread_blocked, id=22412, stack(0x000000de88e00000,0x000000de88f00000) (1024K)]
  0x0000024b962e1930 JavaThread "WorkerExecutor Queue"              [_thread_blocked, id=2064, stack(0x000000de88f00000,0x000000de89000000) (1024K)]
  0x0000024b962e3870 JavaThread "RMI Scheduler(0)"           daemon [_thread_blocked, id=5692, stack(0x000000de89000000,0x000000de89100000) (1024K)]
  0x0000024b962e7ec0 JavaThread "RMI GC Daemon"              daemon [_thread_blocked, id=24004, stack(0x000000de89200000,0x000000de89300000) (1024K)]
  0x0000024b962e8690 JavaThread "RMI TCP Accept-0"           daemon [_thread_in_native, id=22032, stack(0x000000de89300000,0x000000de89400000) (1024K)]
  0x0000024b962e4fe0 JavaThread "RMI Reaper"                        [_thread_blocked, id=2084, stack(0x000000de89400000,0x000000de89500000) (1024K)]
  0x0000024b80652700 JavaThread "Kotlin DSL Writer"                 [_thread_blocked, id=21516, stack(0x000000de85a00000,0x000000de85b00000) (1024K)]
Total: 130

Other Threads:
=>0x0000024bf47cf6f0 VMThread "VM Thread"                           [id=12168, stack(0x000000de80700000,0x000000de80800000) (1024K)]
  0x0000024bf4786800 WatcherThread "VM Periodic Task Thread"        [id=25376, stack(0x000000de80600000,0x000000de80700000) (1024K)]
  0x0000024bc6adc370 WorkerThread "GC Thread#0"                     [id=17832, stack(0x000000de80100000,0x000000de80200000) (1024K)]
  0x0000024bf74b1ff0 WorkerThread "GC Thread#1"                     [id=23172, stack(0x000000de81200000,0x000000de81300000) (1024K)]
  0x0000024bfc576c60 WorkerThread "GC Thread#2"                     [id=18808, stack(0x000000de81300000,0x000000de81400000) (1024K)]
  0x0000024bfc574e30 WorkerThread "GC Thread#3"                     [id=17912, stack(0x000000de81400000,0x000000de81500000) (1024K)]
  0x0000024bfc575b20 WorkerThread "GC Thread#4"                     [id=12628, stack(0x000000de81500000,0x000000de81600000) (1024K)]
  0x0000024bfc574140 WorkerThread "GC Thread#5"                     [id=19204, stack(0x000000de81600000,0x000000de81700000) (1024K)]
  0x0000024bfc579780 WorkerThread "GC Thread#6"                     [id=8296, stack(0x000000de82100000,0x000000de82200000) (1024K)]
  0x0000024bfc57a470 WorkerThread "GC Thread#7"                     [id=25332, stack(0x000000de82200000,0x000000de82300000) (1024K)]
  0x0000024bc6aed4c0 ConcurrentGCThread "G1 Main Marker"            [id=1448, stack(0x000000de80200000,0x000000de80300000) (1024K)]
  0x0000024bf461a0b0 WorkerThread "G1 Conc#0"                       [id=1568, stack(0x000000de80300000,0x000000de80400000) (1024K)]
  0x0000024bfc57a020 WorkerThread "G1 Conc#1"                       [id=20460, stack(0x000000de82300000,0x000000de82400000) (1024K)]
  0x0000024bf465a190 ConcurrentGCThread "G1 Refine#0"               [id=12296, stack(0x000000de80400000,0x000000de80500000) (1024K)]
  0x0000024bf465aba0 ConcurrentGCThread "G1 Service"                [id=22212, stack(0x000000de80500000,0x000000de80600000) (1024K)]
Total: 15

Threads with active compile tasks:
C2 CompilerThread0  496341 31430       4       org.jetbrains.org.objectweb.asm.ClassReader::readCode (5113 bytes)
Total: 1

VM state: at safepoint (normal execution)

VM Mutex/Monitor currently owned by a thread:  ([mutex/lock_event])
[0x00007ffe9f484698] Threads_lock - owner thread: 0x0000024bf47cf6f0
[0x00007ffe9f484818] Heap_lock - owner thread: 0x0000024bfddc4e40

Heap address: 0x0000000600000000, size: 8192 MB, Compressed Oops mode: Zero based, Oop shift amount: 3

CDS archive(s) not mapped
Compressed class space mapped at: 0x000000009d000000-0x00000000dd000000, reserved size: 1073741824
UseCompressedClassPointers 1, UseCompactObjectHeaders 0
Narrow klass pointer bits 32, Max shift 3
Narrow klass base: 0x0000000000000000, Narrow klass shift: 0
Encoding Range: [0x0000000000000000 - 0x0000000100000000), (4294967296 bytes)
Klass Range:    [0x000000009d000000 - 0x00000000dd000000), (1073741824 bytes)
Klass ID Range:  [2634022912 - 3707764729) (1073741817)
No protection zone.

GC Precious Log:
 CardTable entry size: 512
 Card Set container configuration: InlinePtr #cards 4 size 8 Array Of Cards #cards 32 size 80 Howl #buckets 8 coarsen threshold 7372 Howl Bitmap #cards 1024 size 144 coarsen threshold 921 Card regions per heap region 1 cards per card region 8192
 CPUs: 8 total, 8 available
 Memory: 5965M
 Large Page Support: Disabled
 NUMA Support: Disabled
 Compressed Oops: Enabled (Zero based)
 Heap Region Size: 4M
 Heap Min Capacity: 8M
 Heap Initial Capacity: 96M
 Heap Max Capacity: 8G
 Pre-touch: Disabled
 Parallel Workers: 8
 Concurrent Workers: 2
 Concurrent Refinement Workers: 8
 Periodic GC: Disabled

Heap:
 garbage-first heap   total reserved 8388608K, committed 1343488K, used 226718K [0x0000000600000000, 0x0000000800000000)
  region size 4096K, 2 young (8192K), 2 survivors (8192K)

Heap Regions: E=young(eden), S=young(survivor), O=old, HS=humongous(starts), HC=humongous(continues), CS=collection set, F=free, TAMS=top-at-mark-start, PB=parsable bottom
|   0|0x0000000600000000, 0x0000000600400000, 0x0000000600400000|100%|HS|  |TAMS 0x0000000600000000| PB 0x0000000600000000| Complete |  0
|   1|0x0000000600400000, 0x0000000600800000, 0x0000000600800000|100%| O|  |TAMS 0x0000000600400000| PB 0x0000000600400000| Untracked |  0
|   2|0x0000000600800000, 0x0000000600c00000, 0x0000000600c00000|100%| O|  |TAMS 0x0000000600800000| PB 0x0000000600800000| Untracked |  0
|   3|0x0000000600c00000, 0x0000000601000000, 0x0000000601000000|100%| O|  |TAMS 0x0000000600c00000| PB 0x0000000600c00000| Untracked |  0
|   4|0x0000000601000000, 0x0000000601400000, 0x0000000601400000|100%| O|  |TAMS 0x0000000601000000| PB 0x0000000601000000| Untracked |  0
|   5|0x0000000601400000, 0x0000000601800000, 0x0000000601800000|100%| O|  |TAMS 0x0000000601400000| PB 0x0000000601400000| Untracked |  0
|   6|0x0000000601800000, 0x0000000601c00000, 0x0000000601c00000|100%| O|  |TAMS 0x0000000601800000| PB 0x0000000601800000| Untracked |  0
|   7|0x0000000601c00000, 0x0000000602000000, 0x0000000602000000|100%| O|  |TAMS 0x0000000601c00000| PB 0x0000000601c00000| Untracked |  0
|   8|0x0000000602000000, 0x0000000602400000, 0x0000000602400000|100%| O|  |TAMS 0x0000000602000000| PB 0x0000000602000000| Untracked |  0
|   9|0x0000000602400000, 0x0000000602774a38, 0x0000000602800000| 86%| O|  |TAMS 0x0000000602400000| PB 0x0000000602400000| Untracked |  0
|  10|0x0000000602800000, 0x0000000602c00000, 0x0000000602c00000|100%| O|  |TAMS 0x0000000602800000| PB 0x0000000602800000| Untracked |  0
|  11|0x0000000602c00000, 0x0000000603000000, 0x0000000603000000|100%| O|  |TAMS 0x0000000602c00000| PB 0x0000000602c00000| Untracked |  0
|  12|0x0000000603000000, 0x0000000603400000, 0x0000000603400000|100%| O|  |TAMS 0x0000000603000000| PB 0x0000000603000000| Untracked |  0
|  13|0x0000000603400000, 0x0000000603800000, 0x0000000603800000|100%| O|  |TAMS 0x0000000603400000| PB 0x0000000603400000| Untracked |  0
|  14|0x0000000603800000, 0x0000000603c00000, 0x0000000603c00000|100%| O|  |TAMS 0x0000000603800000| PB 0x0000000603800000| Untracked |  0
|  15|0x0000000603c00000, 0x0000000604000000, 0x0000000604000000|100%| O|  |TAMS 0x0000000603c00000| PB 0x0000000603c00000| Untracked |  0
|  16|0x0000000604000000, 0x0000000604400000, 0x0000000604400000|100%| O|  |TAMS 0x0000000604000000| PB 0x0000000604000000| Untracked |  0
|  17|0x0000000604400000, 0x0000000604800000, 0x0000000604800000|100%| O|  |TAMS 0x0000000604400000| PB 0x0000000604400000| Untracked |  0
|  18|0x0000000604800000, 0x0000000604c00000, 0x0000000604c00000|100%| O|  |TAMS 0x0000000604800000| PB 0x0000000604800000| Untracked |  0
|  19|0x0000000604c00000, 0x0000000605000000, 0x0000000605000000|100%| O|  |TAMS 0x0000000604c00000| PB 0x0000000604c00000| Untracked |  0
|  20|0x0000000605000000, 0x0000000605400000, 0x0000000605400000|100%| O|  |TAMS 0x0000000605000000| PB 0x0000000605000000| Untracked |  0
|  21|0x0000000605400000, 0x0000000605800000, 0x0000000605800000|100%| O|  |TAMS 0x0000000605400000| PB 0x0000000605400000| Untracked |  0
|  22|0x0000000605800000, 0x0000000605c00000, 0x0000000605c00000|100%| O|  |TAMS 0x0000000605800000| PB 0x0000000605800000| Untracked |  0
|  23|0x0000000605c00000, 0x0000000606000000, 0x0000000606000000|100%|HS|  |TAMS 0x0000000605c00000| PB 0x0000000605c00000| Complete |  0
|  24|0x0000000606000000, 0x0000000606400000, 0x0000000606400000|100%| O|  |TAMS 0x0000000606000000| PB 0x0000000606000000| Untracked |  0
|  25|0x0000000606400000, 0x0000000606800000, 0x0000000606800000|100%| O|  |TAMS 0x0000000606400000| PB 0x0000000606400000| Untracked |  0
|  26|0x0000000606800000, 0x0000000606c00000, 0x0000000606c00000|100%| O|  |TAMS 0x0000000606800000| PB 0x0000000606800000| Untracked |  0
|  27|0x0000000606c00000, 0x0000000607000000, 0x0000000607000000|100%| O|  |TAMS 0x0000000606c00000| PB 0x0000000606c00000| Untracked |  0
|  28|0x0000000607000000, 0x0000000607400000, 0x0000000607400000|100%| O|  |TAMS 0x0000000607000000| PB 0x0000000607000000| Untracked |  0
|  29|0x0000000607400000, 0x0000000607800000, 0x0000000607800000|100%| O|  |TAMS 0x0000000607400000| PB 0x0000000607400000| Untracked |  0
|  30|0x0000000607800000, 0x0000000607c00000, 0x0000000607c00000|100%| O|  |TAMS 0x0000000607800000| PB 0x0000000607800000| Untracked |  0
|  31|0x0000000607c00000, 0x0000000608000000, 0x0000000608000000|100%| O|  |TAMS 0x0000000607c00000| PB 0x0000000607c00000| Untracked |  0
|  32|0x0000000608000000, 0x0000000608400000, 0x0000000608400000|100%| O|  |TAMS 0x0000000608000000| PB 0x0000000608000000| Untracked |  0
|  33|0x0000000608400000, 0x000000060862a290, 0x0000000608800000| 54%| O|  |TAMS 0x0000000608400000| PB 0x0000000608400000| Untracked |  0
|  34|0x0000000608800000, 0x0000000608c00000, 0x0000000608c00000|100%| O|  |TAMS 0x0000000608800000| PB 0x0000000608800000| Untracked |  0
|  35|0x0000000608c00000, 0x0000000609000000, 0x0000000609000000|100%| O|  |TAMS 0x0000000608c00000| PB 0x0000000608c00000| Untracked |  0
|  36|0x0000000609000000, 0x0000000609400000, 0x0000000609400000|100%| O|  |TAMS 0x0000000609000000| PB 0x0000000609000000| Untracked |  0
|  37|0x0000000609400000, 0x0000000609800000, 0x0000000609800000|100%| O|  |TAMS 0x0000000609400000| PB 0x0000000609400000| Untracked |  0
|  38|0x0000000609800000, 0x0000000609c00000, 0x0000000609c00000|100%| O|  |TAMS 0x0000000609800000| PB 0x0000000609800000| Untracked |  0
|  39|0x0000000609c00000, 0x000000060a000000, 0x000000060a000000|100%| O|  |TAMS 0x0000000609c00000| PB 0x0000000609c00000| Untracked |  0
|  40|0x000000060a000000, 0x000000060a400000, 0x000000060a400000|100%| O|  |TAMS 0x000000060a000000| PB 0x000000060a000000| Untracked |  0
|  41|0x000000060a400000, 0x000000060a800000, 0x000000060a800000|100%| O|  |TAMS 0x000000060a400000| PB 0x000000060a400000| Untracked |  0
|  42|0x000000060a800000, 0x000000060ac00000, 0x000000060ac00000|100%| O|  |TAMS 0x000000060a800000| PB 0x000000060a800000| Untracked |  0
|  43|0x000000060ac00000, 0x000000060b000000, 0x000000060b000000|100%| O|  |TAMS 0x000000060ac00000| PB 0x000000060ac00000| Untracked |  0
|  44|0x000000060b000000, 0x000000060b400000, 0x000000060b400000|100%| O|  |TAMS 0x000000060b000000| PB 0x000000060b000000| Untracked |  0
|  45|0x000000060b400000, 0x000000060b800000, 0x000000060b800000|100%| O|  |TAMS 0x000000060b400000| PB 0x000000060b400000| Untracked |  0
|  46|0x000000060b800000, 0x000000060bc00000, 0x000000060bc00000|100%| O|  |TAMS 0x000000060b800000| PB 0x000000060b800000| Untracked |  0
|  47|0x000000060bc00000, 0x000000060c000000, 0x000000060c000000|100%| O|  |TAMS 0x000000060bc00000| PB 0x000000060bc00000| Untracked |  0
|  48|0x000000060c000000, 0x000000060c020400, 0x000000060c400000|  3%| O|  |TAMS 0x000000060c000000| PB 0x000000060c000000| Untracked |  0
|  49|0x000000060c400000, 0x000000060c400000, 0x000000060c800000|  0%| F|  |TAMS 0x000000060c400000| PB 0x000000060c400000| Untracked |  0
|  50|0x000000060c800000, 0x000000060cc00000, 0x000000060cc00000|100%| O|  |TAMS 0x000000060c800000| PB 0x000000060c800000| Untracked |  0
|  51|0x000000060cc00000, 0x000000060cc00000, 0x000000060d000000|  0%| F|  |TAMS 0x000000060cc00000| PB 0x000000060cc00000| Untracked |  0
|  52|0x000000060d000000, 0x000000060d400000, 0x000000060d400000|100%| O|  |TAMS 0x000000060d000000| PB 0x000000060d000000| Untracked |  0
|  53|0x000000060d400000, 0x000000060d800000, 0x000000060d800000|100%| O|  |TAMS 0x000000060d400000| PB 0x000000060d400000| Untracked |  0
|  54|0x000000060d800000, 0x000000060dc00000, 0x000000060dc00000|100%| O|  |TAMS 0x000000060d800000| PB 0x000000060d800000| Untracked |  0
|  55|0x000000060dc00000, 0x000000060e000000, 0x000000060e000000|100%| O|  |TAMS 0x000000060dc00000| PB 0x000000060dc00000| Untracked |  0
|  56|0x000000060e000000, 0x000000060e400000, 0x000000060e400000|100%| O|  |TAMS 0x000000060e000000| PB 0x000000060e000000| Untracked |  0
|  57|0x000000060e400000, 0x000000060e400000, 0x000000060e800000|  0%| F|  |TAMS 0x000000060e400000| PB 0x000000060e400000| Untracked |  0
|  58|0x000000060e800000, 0x000000060e800000, 0x000000060ec00000|  0%| F|  |TAMS 0x000000060e800000| PB 0x000000060e800000| Untracked |  0
|  59|0x000000060ec00000, 0x000000060ec00000, 0x000000060f000000|  0%| F|  |TAMS 0x000000060ec00000| PB 0x000000060ec00000| Untracked |  0
|  60|0x000000060f000000, 0x000000060f000000, 0x000000060f400000|  0%| F|  |TAMS 0x000000060f000000| PB 0x000000060f000000| Untracked |  0
|  61|0x000000060f400000, 0x000000060f400000, 0x000000060f800000|  0%| F|  |TAMS 0x000000060f400000| PB 0x000000060f400000| Untracked |  0
|  62|0x000000060f800000, 0x000000060f800000, 0x000000060fc00000|  0%| F|  |TAMS 0x000000060f800000| PB 0x000000060f800000| Untracked |  0
|  63|0x000000060fc00000, 0x000000060fc00000, 0x0000000610000000|  0%| F|  |TAMS 0x000000060fc00000| PB 0x000000060fc00000| Untracked |  0
|  64|0x0000000610000000, 0x0000000610000000, 0x0000000610400000|  0%| F|  |TAMS 0x0000000610000000| PB 0x0000000610000000| Untracked |  0
|  65|0x0000000610400000, 0x0000000610400000, 0x0000000610800000|  0%| F|  |TAMS 0x0000000610400000| PB 0x0000000610400000| Untracked |  0
|  66|0x0000000610800000, 0x0000000610800000, 0x0000000610c00000|  0%| F|  |TAMS 0x0000000610800000| PB 0x0000000610800000| Untracked |  0
|  67|0x0000000610c00000, 0x0000000610c00000, 0x0000000611000000|  0%| F|  |TAMS 0x0000000610c00000| PB 0x0000000610c00000| Untracked |  0
|  68|0x0000000611000000, 0x0000000611000000, 0x0000000611400000|  0%| F|  |TAMS 0x0000000611000000| PB 0x0000000611000000| Untracked |  0
|  69|0x0000000611400000, 0x0000000611400000, 0x0000000611800000|  0%| F|  |TAMS 0x0000000611400000| PB 0x0000000611400000| Untracked |  0
|  70|0x0000000611800000, 0x0000000611800000, 0x0000000611c00000|  0%| F|  |TAMS 0x0000000611800000| PB 0x0000000611800000| Untracked |  0
|  71|0x0000000611c00000, 0x0000000611c00000, 0x0000000612000000|  0%| F|  |TAMS 0x0000000611c00000| PB 0x0000000611c00000| Untracked |  0
|  72|0x0000000612000000, 0x0000000612000000, 0x0000000612400000|  0%| F|  |TAMS 0x0000000612000000| PB 0x0000000612000000| Untracked |  0
|  73|0x0000000612400000, 0x0000000612400000, 0x0000000612800000|  0%| F|  |TAMS 0x0000000612400000| PB 0x0000000612400000| Untracked |  0
|  74|0x0000000612800000, 0x0000000612800000, 0x0000000612c00000|  0%| F|  |TAMS 0x0000000612800000| PB 0x0000000612800000| Untracked |  0
|  75|0x0000000612c00000, 0x0000000612c00000, 0x0000000613000000|  0%| F|  |TAMS 0x0000000612c00000| PB 0x0000000612c00000| Untracked |  0
|  76|0x0000000613000000, 0x0000000613000000, 0x0000000613400000|  0%| F|  |TAMS 0x0000000613000000| PB 0x0000000613000000| Untracked |  0
|  77|0x0000000613400000, 0x0000000613400000, 0x0000000613800000|  0%| F|  |TAMS 0x0000000613400000| PB 0x0000000613400000| Untracked |  0
|  78|0x0000000613800000, 0x0000000613800000, 0x0000000613c00000|  0%| F|  |TAMS 0x0000000613800000| PB 0x0000000613800000| Untracked |  0
|  79|0x0000000613c00000, 0x0000000613c00000, 0x0000000614000000|  0%| F|  |TAMS 0x0000000613c00000| PB 0x0000000613c00000| Untracked |  0
|  80|0x0000000614000000, 0x0000000614000000, 0x0000000614400000|  0%| F|  |TAMS 0x0000000614000000| PB 0x0000000614000000| Untracked |  0
|  81|0x0000000614400000, 0x0000000614400000, 0x0000000614800000|  0%| F|  |TAMS 0x0000000614400000| PB 0x0000000614400000| Untracked |  0
|  82|0x0000000614800000, 0x0000000614800000, 0x0000000614c00000|  0%| F|  |TAMS 0x0000000614800000| PB 0x0000000614800000| Untracked |  0
|  83|0x0000000614c00000, 0x0000000614c00000, 0x0000000615000000|  0%| F|  |TAMS 0x0000000614c00000| PB 0x0000000614c00000| Untracked |  0
|  84|0x0000000615000000, 0x0000000615000000, 0x0000000615400000|  0%| F|  |TAMS 0x0000000615000000| PB 0x0000000615000000| Untracked |  0
|  85|0x0000000615400000, 0x0000000615400000, 0x0000000615800000|  0%| F|  |TAMS 0x0000000615400000| PB 0x0000000615400000| Untracked |  0
|  86|0x0000000615800000, 0x0000000615800000, 0x0000000615c00000|  0%| F|  |TAMS 0x0000000615800000| PB 0x0000000615800000| Untracked |  0
|  87|0x0000000615c00000, 0x0000000615c00000, 0x0000000616000000|  0%| F|  |TAMS 0x0000000615c00000| PB 0x0000000615c00000| Untracked |  0
|  88|0x0000000616000000, 0x0000000616000000, 0x0000000616400000|  0%| F|  |TAMS 0x0000000616000000| PB 0x0000000616000000| Untracked |  0
|  89|0x0000000616400000, 0x0000000616400000, 0x0000000616800000|  0%| F|  |TAMS 0x0000000616400000| PB 0x0000000616400000| Untracked |  0
|  90|0x0000000616800000, 0x0000000616800000, 0x0000000616c00000|  0%| F|  |TAMS 0x0000000616800000| PB 0x0000000616800000| Untracked |  0
|  91|0x0000000616c00000, 0x0000000616c00000, 0x0000000617000000|  0%| F|  |TAMS 0x0000000616c00000| PB 0x0000000616c00000| Untracked |  0
|  92|0x0000000617000000, 0x0000000617000000, 0x0000000617400000|  0%| F|  |TAMS 0x0000000617000000| PB 0x0000000617000000| Untracked |  0
|  93|0x0000000617400000, 0x0000000617400000, 0x0000000617800000|  0%| F|  |TAMS 0x0000000617400000| PB 0x0000000617400000| Untracked |  0
|  94|0x0000000617800000, 0x0000000617800000, 0x0000000617c00000|  0%| F|  |TAMS 0x0000000617800000| PB 0x0000000617800000| Untracked |  0
|  95|0x0000000617c00000, 0x0000000617c00000, 0x0000000618000000|  0%| F|  |TAMS 0x0000000617c00000| PB 0x0000000617c00000| Untracked |  0
|  96|0x0000000618000000, 0x0000000618000000, 0x0000000618400000|  0%| F|  |TAMS 0x0000000618000000| PB 0x0000000618000000| Untracked |  0
|  97|0x0000000618400000, 0x0000000618400000, 0x0000000618800000|  0%| F|  |TAMS 0x0000000618400000| PB 0x0000000618400000| Untracked |  0
|  98|0x0000000618800000, 0x0000000618800000, 0x0000000618c00000|  0%| F|  |TAMS 0x0000000618800000| PB 0x0000000618800000| Untracked |  0
|  99|0x0000000618c00000, 0x0000000618c00000, 0x0000000619000000|  0%| F|  |TAMS 0x0000000618c00000| PB 0x0000000618c00000| Untracked |  0
| 100|0x0000000619000000, 0x0000000619000000, 0x0000000619400000|  0%| F|  |TAMS 0x0000000619000000| PB 0x0000000619000000| Untracked |  0
| 101|0x0000000619400000, 0x0000000619400000, 0x0000000619800000|  0%| F|  |TAMS 0x0000000619400000| PB 0x0000000619400000| Untracked |  0
| 102|0x0000000619800000, 0x0000000619800000, 0x0000000619c00000|  0%| F|  |TAMS 0x0000000619800000| PB 0x0000000619800000| Untracked |  0
| 103|0x0000000619c00000, 0x0000000619c00000, 0x000000061a000000|  0%| F|  |TAMS 0x0000000619c00000| PB 0x0000000619c00000| Untracked |  0
| 104|0x000000061a000000, 0x000000061a000000, 0x000000061a400000|  0%| F|  |TAMS 0x000000061a000000| PB 0x000000061a000000| Untracked |  0
| 105|0x000000061a400000, 0x000000061a400000, 0x000000061a800000|  0%| F|  |TAMS 0x000000061a400000| PB 0x000000061a400000| Untracked |  0
| 106|0x000000061a800000, 0x000000061a800000, 0x000000061ac00000|  0%| F|  |TAMS 0x000000061a800000| PB 0x000000061a800000| Untracked |  0
| 107|0x000000061ac00000, 0x000000061ac00000, 0x000000061b000000|  0%| F|  |TAMS 0x000000061ac00000| PB 0x000000061ac00000| Untracked |  0
| 108|0x000000061b000000, 0x000000061b000000, 0x000000061b400000|  0%| F|  |TAMS 0x000000061b000000| PB 0x000000061b000000| Untracked |  0
| 109|0x000000061b400000, 0x000000061b400000, 0x000000061b800000|  0%| F|  |TAMS 0x000000061b400000| PB 0x000000061b400000| Untracked |  0
| 110|0x000000061b800000, 0x000000061b800000, 0x000000061bc00000|  0%| F|  |TAMS 0x000000061b800000| PB 0x000000061b800000| Untracked |  0
| 111|0x000000061bc00000, 0x000000061bc00000, 0x000000061c000000|  0%| F|  |TAMS 0x000000061bc00000| PB 0x000000061bc00000| Untracked |  0
| 112|0x000000061c000000, 0x000000061c000000, 0x000000061c400000|  0%| F|  |TAMS 0x000000061c000000| PB 0x000000061c000000| Untracked |  0
| 113|0x000000061c400000, 0x000000061c400000, 0x000000061c800000|  0%| F|  |TAMS 0x000000061c400000| PB 0x000000061c400000| Untracked |  0
| 114|0x000000061c800000, 0x000000061c800000, 0x000000061cc00000|  0%| F|  |TAMS 0x000000061c800000| PB 0x000000061c800000| Untracked |  0
| 115|0x000000061cc00000, 0x000000061cc00000, 0x000000061d000000|  0%| F|  |TAMS 0x000000061cc00000| PB 0x000000061cc00000| Untracked |  0
| 116|0x000000061d000000, 0x000000061d000000, 0x000000061d400000|  0%| F|  |TAMS 0x000000061d000000| PB 0x000000061d000000| Untracked |  0
| 117|0x000000061d400000, 0x000000061d400000, 0x000000061d800000|  0%| F|  |TAMS 0x000000061d400000| PB 0x000000061d400000| Untracked |  0
| 118|0x000000061d800000, 0x000000061d800000, 0x000000061dc00000|  0%| F|  |TAMS 0x000000061d800000| PB 0x000000061d800000| Untracked |  0
| 119|0x000000061dc00000, 0x000000061dc00000, 0x000000061e000000|  0%| F|  |TAMS 0x000000061dc00000| PB 0x000000061dc00000| Untracked |  0
| 120|0x000000061e000000, 0x000000061e000000, 0x000000061e400000|  0%| F|  |TAMS 0x000000061e000000| PB 0x000000061e000000| Untracked |  0
| 121|0x000000061e400000, 0x000000061e400000, 0x000000061e800000|  0%| F|  |TAMS 0x000000061e400000| PB 0x000000061e400000| Untracked |  0
| 122|0x000000061e800000, 0x000000061e800000, 0x000000061ec00000|  0%| F|  |TAMS 0x000000061e800000| PB 0x000000061e800000| Untracked |  0
| 123|0x000000061ec00000, 0x000000061ec00000, 0x000000061f000000|  0%| F|  |TAMS 0x000000061ec00000| PB 0x000000061ec00000| Untracked |  0
| 124|0x000000061f000000, 0x000000061f000000, 0x000000061f400000|  0%| F|  |TAMS 0x000000061f000000| PB 0x000000061f000000| Untracked |  0
| 125|0x000000061f400000, 0x000000061f400000, 0x000000061f800000|  0%| F|  |TAMS 0x000000061f400000| PB 0x000000061f400000| Untracked |  0
| 126|0x000000061f800000, 0x000000061f800000, 0x000000061fc00000|  0%| F|  |TAMS 0x000000061f800000| PB 0x000000061f800000| Untracked |  0
| 127|0x000000061fc00000, 0x000000061fc00000, 0x0000000620000000|  0%| F|  |TAMS 0x000000061fc00000| PB 0x000000061fc00000| Untracked |  0
| 128|0x0000000620000000, 0x0000000620000000, 0x0000000620400000|  0%| F|  |TAMS 0x0000000620000000| PB 0x0000000620000000| Untracked |  0
| 129|0x0000000620400000, 0x0000000620400000, 0x0000000620800000|  0%| F|  |TAMS 0x0000000620400000| PB 0x0000000620400000| Untracked |  0
| 130|0x0000000620800000, 0x0000000620ba8b28, 0x0000000620c00000| 91%| S|CS|TAMS 0x0000000620800000| PB 0x0000000620800000| Complete |  0
| 131|0x0000000620c00000, 0x0000000621000000, 0x0000000621000000|100%| S|CS|TAMS 0x0000000620c00000| PB 0x0000000620c00000| Complete |  0
| 132|0x0000000621000000, 0x0000000621000000, 0x0000000621400000|  0%| F|  |TAMS 0x0000000621000000| PB 0x0000000621000000| Untracked |  0
| 133|0x0000000621400000, 0x0000000621400000, 0x0000000621800000|  0%| F|  |TAMS 0x0000000621400000| PB 0x0000000621400000| Untracked |  0
| 134|0x0000000621800000, 0x0000000621800000, 0x0000000621c00000|  0%| F|  |TAMS 0x0000000621800000| PB 0x0000000621800000| Untracked |  0
| 135|0x0000000621c00000, 0x0000000621c00000, 0x0000000622000000|  0%| F|  |TAMS 0x0000000621c00000| PB 0x0000000621c00000| Untracked |  0
| 136|0x0000000622000000, 0x0000000622000000, 0x0000000622400000|  0%| F|  |TAMS 0x0000000622000000| PB 0x0000000622000000| Untracked |  0
| 137|0x0000000622400000, 0x0000000622400000, 0x0000000622800000|  0%| F|  |TAMS 0x0000000622400000| PB 0x0000000622400000| Untracked |  0
| 138|0x0000000622800000, 0x0000000622800000, 0x0000000622c00000|  0%| F|  |TAMS 0x0000000622800000| PB 0x0000000622800000| Untracked |  0
| 139|0x0000000622c00000, 0x0000000622c00000, 0x0000000623000000|  0%| F|  |TAMS 0x0000000622c00000| PB 0x0000000622c00000| Untracked |  0
| 140|0x0000000623000000, 0x0000000623000000, 0x0000000623400000|  0%| F|  |TAMS 0x0000000623000000| PB 0x0000000623000000| Untracked |  0
| 141|0x0000000623400000, 0x0000000623400000, 0x0000000623800000|  0%| F|  |TAMS 0x0000000623400000| PB 0x0000000623400000| Untracked |  0
| 142|0x0000000623800000, 0x0000000623800000, 0x0000000623c00000|  0%| F|  |TAMS 0x0000000623800000| PB 0x0000000623800000| Untracked |  0
| 143|0x0000000623c00000, 0x0000000623c00000, 0x0000000624000000|  0%| F|  |TAMS 0x0000000623c00000| PB 0x0000000623c00000| Untracked |  0
| 144|0x0000000624000000, 0x0000000624000000, 0x0000000624400000|  0%| F|  |TAMS 0x0000000624000000| PB 0x0000000624000000| Untracked |  0
| 145|0x0000000624400000, 0x0000000624400000, 0x0000000624800000|  0%| F|  |TAMS 0x0000000624400000| PB 0x0000000624400000| Untracked |  0
| 146|0x0000000624800000, 0x0000000624800000, 0x0000000624c00000|  0%| F|  |TAMS 0x0000000624800000| PB 0x0000000624800000| Untracked |  0
| 147|0x0000000624c00000, 0x0000000624c00000, 0x0000000625000000|  0%| F|  |TAMS 0x0000000624c00000| PB 0x0000000624c00000| Untracked |  0
| 148|0x0000000625000000, 0x0000000625000000, 0x0000000625400000|  0%| F|  |TAMS 0x0000000625000000| PB 0x0000000625000000| Untracked |  0
| 149|0x0000000625400000, 0x0000000625400000, 0x0000000625800000|  0%| F|  |TAMS 0x0000000625400000| PB 0x0000000625400000| Untracked |  0
| 150|0x0000000625800000, 0x0000000625800000, 0x0000000625c00000|  0%| F|  |TAMS 0x0000000625800000| PB 0x0000000625800000| Untracked |  0
| 151|0x0000000625c00000, 0x0000000625c00000, 0x0000000626000000|  0%| F|  |TAMS 0x0000000625c00000| PB 0x0000000625c00000| Untracked |  0
| 152|0x0000000626000000, 0x0000000626000000, 0x0000000626400000|  0%| F|  |TAMS 0x0000000626000000| PB 0x0000000626000000| Untracked |  0
| 153|0x0000000626400000, 0x0000000626400000, 0x0000000626800000|  0%| F|  |TAMS 0x0000000626400000| PB 0x0000000626400000| Untracked |  0
| 154|0x0000000626800000, 0x0000000626800000, 0x0000000626c00000|  0%| F|  |TAMS 0x0000000626800000| PB 0x0000000626800000| Untracked |  0
| 155|0x0000000626c00000, 0x0000000626c00000, 0x0000000627000000|  0%| F|  |TAMS 0x0000000626c00000| PB 0x0000000626c00000| Untracked |  0
| 156|0x0000000627000000, 0x0000000627000000, 0x0000000627400000|  0%| F|  |TAMS 0x0000000627000000| PB 0x0000000627000000| Untracked |  0
| 157|0x0000000627400000, 0x0000000627400000, 0x0000000627800000|  0%| F|  |TAMS 0x0000000627400000| PB 0x0000000627400000| Untracked |  0
| 158|0x0000000627800000, 0x0000000627800000, 0x0000000627c00000|  0%| F|  |TAMS 0x0000000627800000| PB 0x0000000627800000| Untracked |  0
| 159|0x0000000627c00000, 0x0000000627c00000, 0x0000000628000000|  0%| F|  |TAMS 0x0000000627c00000| PB 0x0000000627c00000| Untracked |  0
| 160|0x0000000628000000, 0x0000000628000000, 0x0000000628400000|  0%| F|  |TAMS 0x0000000628000000| PB 0x0000000628000000| Untracked |  0
| 161|0x0000000628400000, 0x0000000628400000, 0x0000000628800000|  0%| F|  |TAMS 0x0000000628400000| PB 0x0000000628400000| Untracked |  0
| 162|0x0000000628800000, 0x0000000628800000, 0x0000000628c00000|  0%| F|  |TAMS 0x0000000628800000| PB 0x0000000628800000| Untracked |  0
| 163|0x0000000628c00000, 0x0000000628c00000, 0x0000000629000000|  0%| F|  |TAMS 0x0000000628c00000| PB 0x0000000628c00000| Untracked |  0
| 164|0x0000000629000000, 0x0000000629000000, 0x0000000629400000|  0%| F|  |TAMS 0x0000000629000000| PB 0x0000000629000000| Untracked |  0
| 165|0x0000000629400000, 0x0000000629400000, 0x0000000629800000|  0%| F|  |TAMS 0x0000000629400000| PB 0x0000000629400000| Untracked |  0
| 166|0x0000000629800000, 0x0000000629800000, 0x0000000629c00000|  0%| F|  |TAMS 0x0000000629800000| PB 0x0000000629800000| Untracked |  0
| 167|0x0000000629c00000, 0x0000000629c00000, 0x000000062a000000|  0%| F|  |TAMS 0x0000000629c00000| PB 0x0000000629c00000| Untracked |  0
| 168|0x000000062a000000, 0x000000062a000000, 0x000000062a400000|  0%| F|  |TAMS 0x000000062a000000| PB 0x000000062a000000| Untracked |  0
| 169|0x000000062a400000, 0x000000062a400000, 0x000000062a800000|  0%| F|  |TAMS 0x000000062a400000| PB 0x000000062a400000| Untracked |  0
| 170|0x000000062a800000, 0x000000062a800000, 0x000000062ac00000|  0%| F|  |TAMS 0x000000062a800000| PB 0x000000062a800000| Untracked |  0
| 171|0x000000062ac00000, 0x000000062ac00000, 0x000000062b000000|  0%| F|  |TAMS 0x000000062ac00000| PB 0x000000062ac00000| Untracked |  0
| 172|0x000000062b000000, 0x000000062b000000, 0x000000062b400000|  0%| F|  |TAMS 0x000000062b000000| PB 0x000000062b000000| Untracked |  0
| 173|0x000000062b400000, 0x000000062b400000, 0x000000062b800000|  0%| F|  |TAMS 0x000000062b400000| PB 0x000000062b400000| Untracked |  0
| 174|0x000000062b800000, 0x000000062b800000, 0x000000062bc00000|  0%| F|  |TAMS 0x000000062b800000| PB 0x000000062b800000| Untracked |  0
| 175|0x000000062bc00000, 0x000000062bc00000, 0x000000062c000000|  0%| F|  |TAMS 0x000000062bc00000| PB 0x000000062bc00000| Untracked |  0
| 176|0x000000062c000000, 0x000000062c000000, 0x000000062c400000|  0%| F|  |TAMS 0x000000062c000000| PB 0x000000062c000000| Untracked |  0
| 177|0x000000062c400000, 0x000000062c400000, 0x000000062c800000|  0%| F|  |TAMS 0x000000062c400000| PB 0x000000062c400000| Untracked |  0
| 178|0x000000062c800000, 0x000000062c800000, 0x000000062cc00000|  0%| F|  |TAMS 0x000000062c800000| PB 0x000000062c800000| Untracked |  0
| 179|0x000000062cc00000, 0x000000062cc00000, 0x000000062d000000|  0%| F|  |TAMS 0x000000062cc00000| PB 0x000000062cc00000| Untracked |  0
| 180|0x000000062d000000, 0x000000062d000000, 0x000000062d400000|  0%| F|  |TAMS 0x000000062d000000| PB 0x000000062d000000| Untracked |  0
| 181|0x000000062d400000, 0x000000062d400000, 0x000000062d800000|  0%| F|  |TAMS 0x000000062d400000| PB 0x000000062d400000| Untracked |  0
| 182|0x000000062d800000, 0x000000062d800000, 0x000000062dc00000|  0%| F|  |TAMS 0x000000062d800000| PB 0x000000062d800000| Untracked |  0
| 183|0x000000062dc00000, 0x000000062dc00000, 0x000000062e000000|  0%| F|  |TAMS 0x000000062dc00000| PB 0x000000062dc00000| Untracked |  0
| 184|0x000000062e000000, 0x000000062e000000, 0x000000062e400000|  0%| F|  |TAMS 0x000000062e000000| PB 0x000000062e000000| Untracked |  0
| 185|0x000000062e400000, 0x000000062e400000, 0x000000062e800000|  0%| F|  |TAMS 0x000000062e400000| PB 0x000000062e400000| Untracked |  0
| 186|0x000000062e800000, 0x000000062e800000, 0x000000062ec00000|  0%| F|  |TAMS 0x000000062e800000| PB 0x000000062e800000| Untracked |  0
| 187|0x000000062ec00000, 0x000000062ec00000, 0x000000062f000000|  0%| F|  |TAMS 0x000000062ec00000| PB 0x000000062ec00000| Untracked |  0
| 188|0x000000062f000000, 0x000000062f000000, 0x000000062f400000|  0%| F|  |TAMS 0x000000062f000000| PB 0x000000062f000000| Untracked |  0
| 189|0x000000062f400000, 0x000000062f400000, 0x000000062f800000|  0%| F|  |TAMS 0x000000062f400000| PB 0x000000062f400000| Untracked |  0
| 190|0x000000062f800000, 0x000000062f800000, 0x000000062fc00000|  0%| F|  |TAMS 0x000000062f800000| PB 0x000000062f800000| Untracked |  0
| 191|0x000000062fc00000, 0x000000062fc00000, 0x0000000630000000|  0%| F|  |TAMS 0x000000062fc00000| PB 0x000000062fc00000| Untracked |  0
| 192|0x0000000630000000, 0x0000000630000000, 0x0000000630400000|  0%| F|  |TAMS 0x0000000630000000| PB 0x0000000630000000| Untracked |  0
| 193|0x0000000630400000, 0x0000000630400000, 0x0000000630800000|  0%| F|  |TAMS 0x0000000630400000| PB 0x0000000630400000| Untracked |  0
| 194|0x0000000630800000, 0x0000000630800000, 0x0000000630c00000|  0%| F|  |TAMS 0x0000000630800000| PB 0x0000000630800000| Untracked |  0
| 195|0x0000000630c00000, 0x0000000630c00000, 0x0000000631000000|  0%| F|  |TAMS 0x0000000630c00000| PB 0x0000000630c00000| Untracked |  0
| 196|0x0000000631000000, 0x0000000631000000, 0x0000000631400000|  0%| F|  |TAMS 0x0000000631000000| PB 0x0000000631000000| Untracked |  0
| 197|0x0000000631400000, 0x0000000631400000, 0x0000000631800000|  0%| F|  |TAMS 0x0000000631400000| PB 0x0000000631400000| Untracked |  0
| 198|0x0000000631800000, 0x0000000631800000, 0x0000000631c00000|  0%| F|  |TAMS 0x0000000631800000| PB 0x0000000631800000| Untracked |  0
| 199|0x0000000631c00000, 0x0000000631c00000, 0x0000000632000000|  0%| F|  |TAMS 0x0000000631c00000| PB 0x0000000631c00000| Untracked |  0
| 200|0x0000000632000000, 0x0000000632000000, 0x0000000632400000|  0%| F|  |TAMS 0x0000000632000000| PB 0x0000000632000000| Untracked |  0
| 201|0x0000000632400000, 0x0000000632400000, 0x0000000632800000|  0%| F|  |TAMS 0x0000000632400000| PB 0x0000000632400000| Untracked |  0
| 202|0x0000000632800000, 0x0000000632800000, 0x0000000632c00000|  0%| F|  |TAMS 0x0000000632800000| PB 0x0000000632800000| Untracked |  0
| 203|0x0000000632c00000, 0x0000000632c00000, 0x0000000633000000|  0%| F|  |TAMS 0x0000000632c00000| PB 0x0000000632c00000| Untracked |  0
| 204|0x0000000633000000, 0x0000000633000000, 0x0000000633400000|  0%| F|  |TAMS 0x0000000633000000| PB 0x0000000633000000| Untracked |  0
| 205|0x0000000633400000, 0x0000000633400000, 0x0000000633800000|  0%| F|  |TAMS 0x0000000633400000| PB 0x0000000633400000| Untracked |  0
| 206|0x0000000633800000, 0x0000000633800000, 0x0000000633c00000|  0%| F|  |TAMS 0x0000000633800000| PB 0x0000000633800000| Untracked |  0
| 207|0x0000000633c00000, 0x0000000633c00000, 0x0000000634000000|  0%| F|  |TAMS 0x0000000633c00000| PB 0x0000000633c00000| Untracked |  0
| 208|0x0000000634000000, 0x0000000634000000, 0x0000000634400000|  0%| F|  |TAMS 0x0000000634000000| PB 0x0000000634000000| Untracked |  0
| 209|0x0000000634400000, 0x0000000634400000, 0x0000000634800000|  0%| F|  |TAMS 0x0000000634400000| PB 0x0000000634400000| Untracked |  0
| 210|0x0000000634800000, 0x0000000634800000, 0x0000000634c00000|  0%| F|  |TAMS 0x0000000634800000| PB 0x0000000634800000| Untracked |  0
| 211|0x0000000634c00000, 0x0000000634c00000, 0x0000000635000000|  0%| F|  |TAMS 0x0000000634c00000| PB 0x0000000634c00000| Untracked |  0
| 212|0x0000000635000000, 0x0000000635000000, 0x0000000635400000|  0%| F|  |TAMS 0x0000000635000000| PB 0x0000000635000000| Untracked |  0
| 213|0x0000000635400000, 0x0000000635400000, 0x0000000635800000|  0%| F|  |TAMS 0x0000000635400000| PB 0x0000000635400000| Untracked |  0
| 214|0x0000000635800000, 0x0000000635800000, 0x0000000635c00000|  0%| F|  |TAMS 0x0000000635800000| PB 0x0000000635800000| Untracked |  0
| 215|0x0000000635c00000, 0x0000000635c00000, 0x0000000636000000|  0%| F|  |TAMS 0x0000000635c00000| PB 0x0000000635c00000| Untracked |  0
| 216|0x0000000636000000, 0x0000000636000000, 0x0000000636400000|  0%| F|  |TAMS 0x0000000636000000| PB 0x0000000636000000| Untracked |  0
| 217|0x0000000636400000, 0x0000000636400000, 0x0000000636800000|  0%| F|  |TAMS 0x0000000636400000| PB 0x0000000636400000| Untracked |  0
| 218|0x0000000636800000, 0x0000000636800000, 0x0000000636c00000|  0%| F|  |TAMS 0x0000000636800000| PB 0x0000000636800000| Untracked |  0
| 219|0x0000000636c00000, 0x0000000636c00000, 0x0000000637000000|  0%| F|  |TAMS 0x0000000636c00000| PB 0x0000000636c00000| Untracked |  0
| 220|0x0000000637000000, 0x0000000637000000, 0x0000000637400000|  0%| F|  |TAMS 0x0000000637000000| PB 0x0000000637000000| Untracked |  0
| 221|0x0000000637400000, 0x0000000637400000, 0x0000000637800000|  0%| F|  |TAMS 0x0000000637400000| PB 0x0000000637400000| Untracked |  0
| 222|0x0000000637800000, 0x0000000637800000, 0x0000000637c00000|  0%| F|  |TAMS 0x0000000637800000| PB 0x0000000637800000| Untracked |  0
| 223|0x0000000637c00000, 0x0000000637c00000, 0x0000000638000000|  0%| F|  |TAMS 0x0000000637c00000| PB 0x0000000637c00000| Untracked |  0
| 224|0x0000000638000000, 0x0000000638000000, 0x0000000638400000|  0%| F|  |TAMS 0x0000000638000000| PB 0x0000000638000000| Untracked |  0
| 225|0x0000000638400000, 0x0000000638400000, 0x0000000638800000|  0%| F|  |TAMS 0x0000000638400000| PB 0x0000000638400000| Untracked |  0
| 226|0x0000000638800000, 0x0000000638800000, 0x0000000638c00000|  0%| F|  |TAMS 0x0000000638800000| PB 0x0000000638800000| Untracked |  0
| 227|0x0000000638c00000, 0x0000000638c00000, 0x0000000639000000|  0%| F|  |TAMS 0x0000000638c00000| PB 0x0000000638c00000| Untracked |  0
| 228|0x0000000639000000, 0x0000000639000000, 0x0000000639400000|  0%| F|  |TAMS 0x0000000639000000| PB 0x0000000639000000| Untracked |  0
| 229|0x0000000639400000, 0x0000000639400000, 0x0000000639800000|  0%| F|  |TAMS 0x0000000639400000| PB 0x0000000639400000| Untracked |  0
| 230|0x0000000639800000, 0x0000000639800000, 0x0000000639c00000|  0%| F|  |TAMS 0x0000000639800000| PB 0x0000000639800000| Untracked |  0
| 231|0x0000000639c00000, 0x0000000639c00000, 0x000000063a000000|  0%| F|  |TAMS 0x0000000639c00000| PB 0x0000000639c00000| Untracked |  0
| 232|0x000000063a000000, 0x000000063a000000, 0x000000063a400000|  0%| F|  |TAMS 0x000000063a000000| PB 0x000000063a000000| Untracked |  0
| 233|0x000000063a400000, 0x000000063a400000, 0x000000063a800000|  0%| F|  |TAMS 0x000000063a400000| PB 0x000000063a400000| Untracked |  0
| 234|0x000000063a800000, 0x000000063a800000, 0x000000063ac00000|  0%| F|  |TAMS 0x000000063a800000| PB 0x000000063a800000| Untracked |  0
| 235|0x000000063ac00000, 0x000000063ac00000, 0x000000063b000000|  0%| F|  |TAMS 0x000000063ac00000| PB 0x000000063ac00000| Untracked |  0
| 236|0x000000063b000000, 0x000000063b000000, 0x000000063b400000|  0%| F|  |TAMS 0x000000063b000000| PB 0x000000063b000000| Untracked |  0
| 237|0x000000063b400000, 0x000000063b400000, 0x000000063b800000|  0%| F|  |TAMS 0x000000063b400000| PB 0x000000063b400000| Untracked |  0
| 238|0x000000063b800000, 0x000000063b800000, 0x000000063bc00000|  0%| F|  |TAMS 0x000000063b800000| PB 0x000000063b800000| Untracked |  0
| 239|0x000000063bc00000, 0x000000063bc00000, 0x000000063c000000|  0%| F|  |TAMS 0x000000063bc00000| PB 0x000000063bc00000| Untracked |  0
| 240|0x000000063c000000, 0x000000063c000000, 0x000000063c400000|  0%| F|  |TAMS 0x000000063c000000| PB 0x000000063c000000| Untracked |  0
| 241|0x000000063c400000, 0x000000063c400000, 0x000000063c800000|  0%| F|  |TAMS 0x000000063c400000| PB 0x000000063c400000| Untracked |  0
| 242|0x000000063c800000, 0x000000063c800000, 0x000000063cc00000|  0%| F|  |TAMS 0x000000063c800000| PB 0x000000063c800000| Untracked |  0
| 243|0x000000063cc00000, 0x000000063cc00000, 0x000000063d000000|  0%| F|  |TAMS 0x000000063cc00000| PB 0x000000063cc00000| Untracked |  0
| 244|0x000000063d000000, 0x000000063d000000, 0x000000063d400000|  0%| F|  |TAMS 0x000000063d000000| PB 0x000000063d000000| Untracked |  0
| 245|0x000000063d400000, 0x000000063d400000, 0x000000063d800000|  0%| F|  |TAMS 0x000000063d400000| PB 0x000000063d400000| Untracked |  0
| 246|0x000000063d800000, 0x000000063d800000, 0x000000063dc00000|  0%| F|  |TAMS 0x000000063d800000| PB 0x000000063d800000| Untracked |  0
| 247|0x000000063dc00000, 0x000000063dc00000, 0x000000063e000000|  0%| F|  |TAMS 0x000000063dc00000| PB 0x000000063dc00000| Untracked |  0
| 248|0x000000063e000000, 0x000000063e000000, 0x000000063e400000|  0%| F|  |TAMS 0x000000063e000000| PB 0x000000063e000000| Untracked |  0
| 249|0x000000063e400000, 0x000000063e400000, 0x000000063e800000|  0%| F|  |TAMS 0x000000063e400000| PB 0x000000063e400000| Untracked |  0
| 250|0x000000063e800000, 0x000000063e800000, 0x000000063ec00000|  0%| F|  |TAMS 0x000000063e800000| PB 0x000000063e800000| Untracked |  0
| 251|0x000000063ec00000, 0x000000063ec00000, 0x000000063f000000|  0%| F|  |TAMS 0x000000063ec00000| PB 0x000000063ec00000| Untracked |  0
| 252|0x000000063f000000, 0x000000063f000000, 0x000000063f400000|  0%| F|  |TAMS 0x000000063f000000| PB 0x000000063f000000| Untracked |  0
| 253|0x000000063f400000, 0x000000063f400000, 0x000000063f800000|  0%| F|  |TAMS 0x000000063f400000| PB 0x000000063f400000| Untracked |  0
| 254|0x000000063f800000, 0x000000063f800000, 0x000000063fc00000|  0%| F|  |TAMS 0x000000063f800000| PB 0x000000063f800000| Untracked |  0
| 255|0x000000063fc00000, 0x000000063fc00000, 0x0000000640000000|  0%| F|  |TAMS 0x000000063fc00000| PB 0x000000063fc00000| Untracked |  0
| 256|0x0000000640000000, 0x0000000640000000, 0x0000000640400000|  0%| F|  |TAMS 0x0000000640000000| PB 0x0000000640000000| Untracked |  0
| 257|0x0000000640400000, 0x0000000640400000, 0x0000000640800000|  0%| F|  |TAMS 0x0000000640400000| PB 0x0000000640400000| Untracked |  0
| 258|0x0000000640800000, 0x0000000640800000, 0x0000000640c00000|  0%| F|  |TAMS 0x0000000640800000| PB 0x0000000640800000| Untracked |  0
| 259|0x0000000640c00000, 0x0000000640c00000, 0x0000000641000000|  0%| F|  |TAMS 0x0000000640c00000| PB 0x0000000640c00000| Untracked |  0
| 260|0x0000000641000000, 0x0000000641000000, 0x0000000641400000|  0%| F|  |TAMS 0x0000000641000000| PB 0x0000000641000000| Untracked |  0
| 261|0x0000000641400000, 0x0000000641400000, 0x0000000641800000|  0%| F|  |TAMS 0x0000000641400000| PB 0x0000000641400000| Untracked |  0
| 262|0x0000000641800000, 0x0000000641800000, 0x0000000641c00000|  0%| F|  |TAMS 0x0000000641800000| PB 0x0000000641800000| Untracked |  0
| 263|0x0000000641c00000, 0x0000000641c00000, 0x0000000642000000|  0%| F|  |TAMS 0x0000000641c00000| PB 0x0000000641c00000| Untracked |  0
| 264|0x0000000642000000, 0x0000000642000000, 0x0000000642400000|  0%| F|  |TAMS 0x0000000642000000| PB 0x0000000642000000| Untracked |  0
| 265|0x0000000642400000, 0x0000000642400000, 0x0000000642800000|  0%| F|  |TAMS 0x0000000642400000| PB 0x0000000642400000| Untracked |  0
| 266|0x0000000642800000, 0x0000000642800000, 0x0000000642c00000|  0%| F|  |TAMS 0x0000000642800000| PB 0x0000000642800000| Untracked |  0
| 267|0x0000000642c00000, 0x0000000642c00000, 0x0000000643000000|  0%| F|  |TAMS 0x0000000642c00000| PB 0x0000000642c00000| Untracked |  0
| 268|0x0000000643000000, 0x0000000643000000, 0x0000000643400000|  0%| F|  |TAMS 0x0000000643000000| PB 0x0000000643000000| Untracked |  0
| 269|0x0000000643400000, 0x0000000643400000, 0x0000000643800000|  0%| F|  |TAMS 0x0000000643400000| PB 0x0000000643400000| Untracked |  0
| 270|0x0000000643800000, 0x0000000643800000, 0x0000000643c00000|  0%| F|  |TAMS 0x0000000643800000| PB 0x0000000643800000| Untracked |  0
| 271|0x0000000643c00000, 0x0000000643c00000, 0x0000000644000000|  0%| F|  |TAMS 0x0000000643c00000| PB 0x0000000643c00000| Untracked |  0
| 272|0x0000000644000000, 0x0000000644000000, 0x0000000644400000|  0%| F|  |TAMS 0x0000000644000000| PB 0x0000000644000000| Untracked |  0
| 273|0x0000000644400000, 0x0000000644400000, 0x0000000644800000|  0%| F|  |TAMS 0x0000000644400000| PB 0x0000000644400000| Untracked |  0
| 274|0x0000000644800000, 0x0000000644800000, 0x0000000644c00000|  0%| F|  |TAMS 0x0000000644800000| PB 0x0000000644800000| Untracked |  0
| 275|0x0000000644c00000, 0x0000000644c00000, 0x0000000645000000|  0%| F|  |TAMS 0x0000000644c00000| PB 0x0000000644c00000| Untracked |  0
| 276|0x0000000645000000, 0x0000000645000000, 0x0000000645400000|  0%| F|  |TAMS 0x0000000645000000| PB 0x0000000645000000| Untracked |  0
| 277|0x0000000645400000, 0x0000000645400000, 0x0000000645800000|  0%| F|  |TAMS 0x0000000645400000| PB 0x0000000645400000| Untracked |  0
| 278|0x0000000645800000, 0x0000000645800000, 0x0000000645c00000|  0%| F|  |TAMS 0x0000000645800000| PB 0x0000000645800000| Untracked |  0
| 279|0x0000000645c00000, 0x0000000645c00000, 0x0000000646000000|  0%| F|  |TAMS 0x0000000645c00000| PB 0x0000000645c00000| Untracked |  0
| 280|0x0000000646000000, 0x0000000646000000, 0x0000000646400000|  0%| F|  |TAMS 0x0000000646000000| PB 0x0000000646000000| Untracked |  0
| 281|0x0000000646400000, 0x0000000646400000, 0x0000000646800000|  0%| F|  |TAMS 0x0000000646400000| PB 0x0000000646400000| Untracked |  0
| 282|0x0000000646800000, 0x0000000646800000, 0x0000000646c00000|  0%| F|  |TAMS 0x0000000646800000| PB 0x0000000646800000| Untracked |  0
| 283|0x0000000646c00000, 0x0000000646c00000, 0x0000000647000000|  0%| F|  |TAMS 0x0000000646c00000| PB 0x0000000646c00000| Untracked |  0
| 284|0x0000000647000000, 0x0000000647000000, 0x0000000647400000|  0%| F|  |TAMS 0x0000000647000000| PB 0x0000000647000000| Untracked |  0
| 285|0x0000000647400000, 0x0000000647400000, 0x0000000647800000|  0%| F|  |TAMS 0x0000000647400000| PB 0x0000000647400000| Untracked |  0
| 286|0x0000000647800000, 0x0000000647800000, 0x0000000647c00000|  0%| F|  |TAMS 0x0000000647800000| PB 0x0000000647800000| Untracked |  0
| 287|0x0000000647c00000, 0x0000000647c00000, 0x0000000648000000|  0%| F|  |TAMS 0x0000000647c00000| PB 0x0000000647c00000| Untracked |  0
| 288|0x0000000648000000, 0x0000000648000000, 0x0000000648400000|  0%| F|  |TAMS 0x0000000648000000| PB 0x0000000648000000| Untracked |  0
| 289|0x0000000648400000, 0x0000000648400000, 0x0000000648800000|  0%| F|  |TAMS 0x0000000648400000| PB 0x0000000648400000| Untracked |  0
| 290|0x0000000648800000, 0x0000000648800000, 0x0000000648c00000|  0%| F|  |TAMS 0x0000000648800000| PB 0x0000000648800000| Untracked |  0
| 291|0x0000000648c00000, 0x0000000648c00000, 0x0000000649000000|  0%| F|  |TAMS 0x0000000648c00000| PB 0x0000000648c00000| Untracked |  0
| 292|0x0000000649000000, 0x0000000649000000, 0x0000000649400000|  0%| F|  |TAMS 0x0000000649000000| PB 0x0000000649000000| Untracked |  0
| 293|0x0000000649400000, 0x0000000649400000, 0x0000000649800000|  0%| F|  |TAMS 0x0000000649400000| PB 0x0000000649400000| Untracked |  0
| 294|0x0000000649800000, 0x0000000649800000, 0x0000000649c00000|  0%| F|  |TAMS 0x0000000649800000| PB 0x0000000649800000| Untracked |  0
| 295|0x0000000649c00000, 0x0000000649c00000, 0x000000064a000000|  0%| F|  |TAMS 0x0000000649c00000| PB 0x0000000649c00000| Untracked |  0
| 296|0x000000064a000000, 0x000000064a000000, 0x000000064a400000|  0%| F|  |TAMS 0x000000064a000000| PB 0x000000064a000000| Untracked |  0
| 297|0x000000064a400000, 0x000000064a400000, 0x000000064a800000|  0%| F|  |TAMS 0x000000064a400000| PB 0x000000064a400000| Untracked |  0
| 298|0x000000064a800000, 0x000000064a800000, 0x000000064ac00000|  0%| F|  |TAMS 0x000000064a800000| PB 0x000000064a800000| Untracked |  0
| 299|0x000000064ac00000, 0x000000064ac00000, 0x000000064b000000|  0%| F|  |TAMS 0x000000064ac00000| PB 0x000000064ac00000| Untracked |  0
| 300|0x000000064b000000, 0x000000064b000000, 0x000000064b400000|  0%| F|  |TAMS 0x000000064b000000| PB 0x000000064b000000| Untracked |  0
| 301|0x000000064b400000, 0x000000064b400000, 0x000000064b800000|  0%| F|  |TAMS 0x000000064b400000| PB 0x000000064b400000| Untracked |  0
| 302|0x000000064b800000, 0x000000064b800000, 0x000000064bc00000|  0%| F|  |TAMS 0x000000064b800000| PB 0x000000064b800000| Untracked |  0
| 303|0x000000064bc00000, 0x000000064bc00000, 0x000000064c000000|  0%| F|  |TAMS 0x000000064bc00000| PB 0x000000064bc00000| Untracked |  0
| 304|0x000000064c000000, 0x000000064c000000, 0x000000064c400000|  0%| F|  |TAMS 0x000000064c000000| PB 0x000000064c000000| Untracked |  0
| 305|0x000000064c400000, 0x000000064c400000, 0x000000064c800000|  0%| F|  |TAMS 0x000000064c400000| PB 0x000000064c400000| Untracked |  0
| 306|0x000000064c800000, 0x000000064c800000, 0x000000064cc00000|  0%| F|  |TAMS 0x000000064c800000| PB 0x000000064c800000| Untracked |  0
| 307|0x000000064cc00000, 0x000000064cc00000, 0x000000064d000000|  0%| F|  |TAMS 0x000000064cc00000| PB 0x000000064cc00000| Untracked |  0
| 308|0x000000064d000000, 0x000000064d000000, 0x000000064d400000|  0%| F|  |TAMS 0x000000064d000000| PB 0x000000064d000000| Untracked |  0
| 309|0x000000064d400000, 0x000000064d400000, 0x000000064d800000|  0%| F|  |TAMS 0x000000064d400000| PB 0x000000064d400000| Untracked |  0
| 310|0x000000064d800000, 0x000000064d800000, 0x000000064dc00000|  0%| F|  |TAMS 0x000000064d800000| PB 0x000000064d800000| Untracked |  0
| 311|0x000000064dc00000, 0x000000064dc00000, 0x000000064e000000|  0%| F|  |TAMS 0x000000064dc00000| PB 0x000000064dc00000| Untracked |  0
| 312|0x000000064e000000, 0x000000064e000000, 0x000000064e400000|  0%| F|  |TAMS 0x000000064e000000| PB 0x000000064e000000| Untracked |  0
| 313|0x000000064e400000, 0x000000064e400000, 0x000000064e800000|  0%| F|  |TAMS 0x000000064e400000| PB 0x000000064e400000| Untracked |  0
| 314|0x000000064e800000, 0x000000064e800000, 0x000000064ec00000|  0%| F|  |TAMS 0x000000064e800000| PB 0x000000064e800000| Untracked |  0
| 315|0x000000064ec00000, 0x000000064ec00000, 0x000000064f000000|  0%| F|  |TAMS 0x000000064ec00000| PB 0x000000064ec00000| Untracked |  0
| 316|0x000000064f000000, 0x000000064f000000, 0x000000064f400000|  0%| F|  |TAMS 0x000000064f000000| PB 0x000000064f000000| Untracked |  0
| 317|0x000000064f400000, 0x000000064f400000, 0x000000064f800000|  0%| F|  |TAMS 0x000000064f400000| PB 0x000000064f400000| Untracked |  0
| 318|0x000000064f800000, 0x000000064f800000, 0x000000064fc00000|  0%| F|  |TAMS 0x000000064f800000| PB 0x000000064f800000| Untracked |  0
| 319|0x000000064fc00000, 0x000000064fc00000, 0x0000000650000000|  0%| F|  |TAMS 0x000000064fc00000| PB 0x000000064fc00000| Untracked |  0
| 320|0x0000000650000000, 0x0000000650000000, 0x0000000650400000|  0%| F|  |TAMS 0x0000000650000000| PB 0x0000000650000000| Untracked |  0
| 321|0x0000000650400000, 0x0000000650400000, 0x0000000650800000|  0%| F|  |TAMS 0x0000000650400000| PB 0x0000000650400000| Untracked |  0
| 322|0x0000000650800000, 0x0000000650800000, 0x0000000650c00000|  0%| F|  |TAMS 0x0000000650800000| PB 0x0000000650800000| Untracked |  0
| 323|0x0000000650c00000, 0x0000000650c00000, 0x0000000651000000|  0%| F|  |TAMS 0x0000000650c00000| PB 0x0000000650c00000| Untracked |  0
| 324|0x0000000651000000, 0x0000000651000000, 0x0000000651400000|  0%| F|  |TAMS 0x0000000651000000| PB 0x0000000651000000| Untracked |  0
| 325|0x0000000651400000, 0x0000000651400000, 0x0000000651800000|  0%| F|  |TAMS 0x0000000651400000| PB 0x0000000651400000| Untracked |  0
| 326|0x0000000651800000, 0x0000000651800000, 0x0000000651c00000|  0%| F|  |TAMS 0x0000000651800000| PB 0x0000000651800000| Untracked |  0
| 327|0x0000000651c00000, 0x0000000651c00000, 0x0000000652000000|  0%| F|  |TAMS 0x0000000651c00000| PB 0x0000000651c00000| Untracked |  0

Card table byte_map: [0x0000024beb580000,0x0000024bec580000] _byte_map_base: 0x0000024be8580000

Marking Bits: (CMBitMap*) 0x0000024bc6adcb00
 Bits: [0x0000024bec580000, 0x0000024bf4580000)

Polling page: 0x0000024bc61f0000

Metaspace:
Metaspace        used 182289K, committed 184320K, reserved 1245184K
 class space     used 24499K, committed 25472K, reserved 1048576K

Usage:
  Non-class:    154.09 MB used.
      Class:     23.93 MB used.
       Both:    178.02 MB used.

Virtual space:
  Non-class space:      192.00 MB reserved,     155.12 MB ( 81%) committed,  3 nodes.
      Class space:        1.00 GB reserved,      24.88 MB (  2%) committed,  1 nodes.
             Both:        1.19 GB reserved,     180.00 MB ( 15%) committed. 

Chunk freelists:
   Non-Class:  4.88 MB
       Class:  7.14 MB
        Both:  12.01 MB

MaxMetaspaceSize: 4.00 GB
CompressedClassSpaceSize: 1.00 GB
Initial GC threshold: 21.00 MB
Current GC threshold: 294.19 MB
CDS: off
 - commit_granule_bytes: 65536.
 - commit_granule_words: 8192.
 - virtual_space_node_default_size: 8388608.
 - enlarge_chunks_in_place: 1.
UseCompressedClassPointers 1, UseCompactObjectHeaders 0
Narrow klass pointer bits 32, Max shift 3
Narrow klass base: 0x0000000000000000, Narrow klass shift: 0
Encoding Range: [0x0000000000000000 - 0x0000000100000000), (4294967296 bytes)
Klass Range:    [0x000000009d000000 - 0x00000000dd000000), (1073741824 bytes)
Klass ID Range:  [2634022912 - 3707764729) (1073741817)
No protection zone.


Internal statistics:

num_allocs_failed_limit: 21.
num_arena_births: 3976.
num_arena_deaths: 0.
num_vsnodes_births: 4.
num_vsnodes_deaths: 0.
num_space_committed: 2879.
num_space_uncommitted: 0.
num_chunks_returned_to_freelist: 21.
num_chunks_taken_from_freelist: 10609.
num_chunk_merges: 21.
num_chunk_splits: 7633.
num_chunks_enlarged: 5647.
num_inconsistent_stats: 0.

CodeHeap 'non-profiled nmethods': size=259328Kb used=16069Kb max_used=16069Kb free=243258Kb
 bounds [0x0000024bda1e0000, 0x0000024bdb1a0000, 0x0000024be9f20000]
CodeHeap 'profiled nmethods': size=259264Kb used=41919Kb max_used=41919Kb free=217344Kb
 bounds [0x0000024bc9f20000, 0x0000024bcc810000, 0x0000024bd9c50000]
CodeHeap 'non-nmethods': size=5696Kb used=2359Kb max_used=2524Kb free=3336Kb
 bounds [0x0000024bd9c50000, 0x0000024bd9ed0000, 0x0000024bda1e0000]
CodeCache: size=524288Kb, used=60347Kb, max_used=60512Kb, free=463938Kb
 total_blobs=25386, nmethods=24189, adapters=1097, full_count=0
Compilation: enabled, stopped_count=0, restarted_count=0

Compilation events (20 events):
Event: 494.120 Thread 0x0000024bf480aad0 nmethod 31420 0x0000024bdb18a688 code [0x0000024bdb18a780, 0x0000024bdb18c610]
Event: 494.338 Thread 0x0000024bf480aad0 31421       4       org.jetbrains.org.objectweb.asm.ClassVisitor::visitNestHost (35 bytes)
Event: 494.338 Thread 0x0000024bf480aad0 nmethod 31421 0x0000024bdb18c688 code [0x0000024bdb18c780, 0x0000024bdb18c850]
Event: 494.650 Thread 0x0000024bf480aad0 31422       4       kotlin.collections.MapsKt__MapsKt::putAll (65 bytes)
Event: 494.685 Thread 0x0000024bf480aad0 nmethod 31422 0x0000024bdb18c988 code [0x0000024bdb18ca80, 0x0000024bdb18e3a0]
Event: 494.901 Thread 0x0000024bf720e530 31423       3       org.jetbrains.org.objectweb.asm.tree.MethodNode::visitTryCatchBlock (40 bytes)
Event: 494.903 Thread 0x0000024bf720e530 nmethod 31423 0x0000024bcc80c108 code [0x0000024bcc80c200, 0x0000024bcc80d468]
Event: 494.938 Thread 0x0000024bf480aad0 31424       4       kotlin.collections.CollectionsKt___CollectionsKt::toCollection (49 bytes)
Event: 494.940 Thread 0x0000024bf480aad0 nmethod 31424 0x0000024bdb18e408 code [0x0000024bdb18e500, 0x0000024bdb18e670]
Event: 495.016 Thread 0x0000024bf720e530 31425       3       org.jetbrains.kotlin.incremental.DifferenceCalculatorForPackageFacade$Companion::getNonPrivateMembers (204 bytes)
Event: 495.020 Thread 0x0000024bf720e530 nmethod 31425 0x0000024bcc80d488 code [0x0000024bcc80d580, 0x0000024bcc80eea8]
Event: 495.157 Thread 0x0000024bf720e530 31426       3       org.jetbrains.org.objectweb.asm.MethodWriter::visitLdcInsn (215 bytes)
Event: 495.160 Thread 0x0000024bf720e530 nmethod 31426 0x0000024bcc80ef08 code [0x0000024bcc80f000, 0x0000024bcc80fda0]
Event: 495.504 Thread 0x0000024bf480aad0 31427       4       org.jetbrains.kotlin.metadata.ProtoBuf$EnumEntry::isInitialized (73 bytes)
Event: 495.512 Thread 0x0000024bf480aad0 nmethod 31427 0x0000024bdb18e708 code [0x0000024bdb18e800, 0x0000024bdb18ecb8]
Event: 495.582 Thread 0x0000024bf480aad0 31428   !   4       org.jetbrains.kotlin.metadata.ProtoBuf$EnumEntry::<init> (344 bytes)
Event: 495.649 Thread 0x0000024bf480aad0 nmethod 31428 0x0000024bdb18ed08 code [0x0000024bdb18ee00, 0x0000024bdb1911f8]
Event: 495.649 Thread 0x0000024bf480aad0 31429       4       org.jetbrains.kotlin.metadata.ProtoBuf$EnumEntry$1::parsePartialFrom (7 bytes)
Event: 495.651 Thread 0x0000024bf480aad0 nmethod 31429 0x0000024bdb191288 code [0x0000024bdb191380, 0x0000024bdb1914a0]
Event: 495.761 Thread 0x0000024bf480aad0 31430       4       org.jetbrains.org.objectweb.asm.ClassReader::readCode (5113 bytes)

GC Heap Usage History (20 events):
Event: 429.970 {heap After GC invocations=160 (full 0):
 garbage-first heap   total reserved 8388608K, committed 671744K, used 238280K [0x0000000600000000, 0x0000000800000000)
  region size 4096K, 5 young (20480K), 5 survivors (20480K)
}
Event: 431.283 {heap Before GC invocations=161 (full 0):
 garbage-first heap   total reserved 8388608K, committed 671744K, used 619208K [0x0000000600000000, 0x0000000800000000)
  region size 4096K, 98 young (401408K), 5 survivors (20480K)
}
Event: 431.333 {heap After GC invocations=162 (full 0):
 garbage-first heap   total reserved 8388608K, committed 671744K, used 241103K [0x0000000600000000, 0x0000000800000000)
  region size 4096K, 5 young (20480K), 5 survivors (20480K)
}
Event: 432.506 {heap Before GC invocations=162 (full 0):
 garbage-first heap   total reserved 8388608K, committed 671744K, used 560591K [0x0000000600000000, 0x0000000800000000)
  region size 4096K, 84 young (344064K), 5 survivors (20480K)
}
Event: 432.676 {heap After GC invocations=163 (full 0):
 garbage-first heap   total reserved 8388608K, committed 1343488K, used 228030K [0x0000000600000000, 0x0000000800000000)
  region size 4096K, 5 young (20480K), 5 survivors (20480K)
}
Event: 432.949 {heap Before GC invocations=163 (full 0):
 garbage-first heap   total reserved 8388608K, committed 1343488K, used 273086K [0x0000000600000000, 0x0000000800000000)
  region size 4096K, 16 young (65536K), 5 survivors (20480K)
}
Event: 432.985 {heap After GC invocations=164 (full 0):
 garbage-first heap   total reserved 8388608K, committed 1343488K, used 210161K [0x0000000600000000, 0x0000000800000000)
  region size 4096K, 2 young (8192K), 2 survivors (8192K)
}
Event: 435.983 {heap Before GC invocations=164 (full 0):
 garbage-first heap   total reserved 8388608K, committed 1343488K, used 783601K [0x0000000600000000, 0x0000000800000000)
  region size 4096K, 143 young (585728K), 2 survivors (8192K)
}
Event: 436.141 {heap After GC invocations=165 (full 0):
 garbage-first heap   total reserved 8388608K, committed 1343488K, used 200754K [0x0000000600000000, 0x0000000800000000)
  region size 4096K, 2 young (8192K), 2 survivors (8192K)
}
Event: 441.064 {heap Before GC invocations=165 (full 0):
 garbage-first heap   total reserved 8388608K, committed 1343488K, used 995378K [0x0000000600000000, 0x0000000800000000)
  region size 4096K, 196 young (802816K), 2 survivors (8192K)
}
Event: 441.106 {heap After GC invocations=166 (full 0):
 garbage-first heap   total reserved 8388608K, committed 1343488K, used 201437K [0x0000000600000000, 0x0000000800000000)
  region size 4096K, 3 young (12288K), 3 survivors (12288K)
}
Event: 445.068 {heap Before GC invocations=166 (full 0):
 garbage-first heap   total reserved 8388608K, committed 1343488K, used 987869K [0x0000000600000000, 0x0000000800000000)
  region size 4096K, 196 young (802816K), 3 survivors (12288K)
}
Event: 445.101 {heap After GC invocations=167 (full 0):
 garbage-first heap   total reserved 8388608K, committed 1343488K, used 208582K [0x0000000600000000, 0x0000000800000000)
  region size 4096K, 5 young (20480K), 5 survivors (20480K)
}
Event: 458.520 {heap Before GC invocations=167 (full 0):
 garbage-first heap   total reserved 8388608K, committed 1343488K, used 986822K [0x0000000600000000, 0x0000000800000000)
  region size 4096K, 196 young (802816K), 5 survivors (20480K)
}
Event: 458.595 {heap After GC invocations=168 (full 0):
 garbage-first heap   total reserved 8388608K, committed 1343488K, used 205010K [0x0000000600000000, 0x0000000800000000)
  region size 4096K, 4 young (16384K), 4 survivors (16384K)
}
Event: 480.400 {heap Before GC invocations=168 (full 0):
 garbage-first heap   total reserved 8388608K, committed 1343488K, used 995538K [0x0000000600000000, 0x0000000800000000)
  region size 4096K, 196 young (802816K), 4 survivors (16384K)
}
Event: 480.670 {heap After GC invocations=169 (full 0):
 garbage-first heap   total reserved 8388608K, committed 1343488K, used 219199K [0x0000000600000000, 0x0000000800000000)
  region size 4096K, 7 young (28672K), 7 survivors (28672K)
}
Event: 487.512 {heap Before GC invocations=169 (full 0):
 garbage-first heap   total reserved 8388608K, committed 1343488K, used 432191K [0x0000000600000000, 0x0000000800000000)
  region size 4096K, 59 young (241664K), 7 survivors (28672K)
}
Event: 487.740 {heap After GC invocations=170 (full 0):
 garbage-first heap   total reserved 8388608K, committed 1343488K, used 221837K [0x0000000600000000, 0x0000000800000000)
  region size 4096K, 1 young (4096K), 1 survivors (4096K)
}
Event: 495.987 {heap Before GC invocations=170 (full 0):
 garbage-first heap   total reserved 8388608K, committed 1343488K, used 1020557K [0x0000000600000000, 0x0000000800000000)
  region size 4096K, 196 young (802816K), 1 survivors (4096K)
}

Metaspace Usage History (20 events):
Event: 429.970 {metaspace After GC invocations=160 (full 0):
 Metaspace       used 178598K, committed 180736K, reserved 1245184K
  class space    used 24139K, committed 25152K, reserved 1048576K
}
Event: 431.284 {metaspace Before GC invocations=161 (full 0):
 Metaspace       used 178636K, committed 180736K, reserved 1245184K
  class space    used 24140K, committed 25152K, reserved 1048576K
}
Event: 431.333 {metaspace After GC invocations=162 (full 0):
 Metaspace       used 178636K, committed 180736K, reserved 1245184K
  class space    used 24140K, committed 25152K, reserved 1048576K
}
Event: 432.506 {metaspace Before GC invocations=162 (full 0):
 Metaspace       used 178640K, committed 180736K, reserved 1245184K
  class space    used 24141K, committed 25152K, reserved 1048576K
}
Event: 432.676 {metaspace After GC invocations=163 (full 0):
 Metaspace       used 178640K, committed 180736K, reserved 1245184K
  class space    used 24141K, committed 25152K, reserved 1048576K
}
Event: 432.949 {metaspace Before GC invocations=163 (full 0):
 Metaspace       used 178640K, committed 180736K, reserved 1245184K
  class space    used 24141K, committed 25152K, reserved 1048576K
}
Event: 432.985 {metaspace After GC invocations=164 (full 0):
 Metaspace       used 178640K, committed 180736K, reserved 1245184K
  class space    used 24141K, committed 25152K, reserved 1048576K
}
Event: 435.984 {metaspace Before GC invocations=164 (full 0):
 Metaspace       used 178647K, committed 180736K, reserved 1245184K
  class space    used 24141K, committed 25152K, reserved 1048576K
}
Event: 436.141 {metaspace After GC invocations=165 (full 0):
 Metaspace       used 178647K, committed 180736K, reserved 1245184K
  class space    used 24141K, committed 25152K, reserved 1048576K
}
Event: 441.064 {metaspace Before GC invocations=165 (full 0):
 Metaspace       used 178656K, committed 180800K, reserved 1245184K
  class space    used 24141K, committed 25152K, reserved 1048576K
}
Event: 441.106 {metaspace After GC invocations=166 (full 0):
 Metaspace       used 178656K, committed 180800K, reserved 1245184K
  class space    used 24141K, committed 25152K, reserved 1048576K
}
Event: 445.069 {metaspace Before GC invocations=166 (full 0):
 Metaspace       used 178692K, committed 180800K, reserved 1245184K
  class space    used 24146K, committed 25152K, reserved 1048576K
}
Event: 445.101 {metaspace After GC invocations=167 (full 0):
 Metaspace       used 178692K, committed 180800K, reserved 1245184K
  class space    used 24146K, committed 25152K, reserved 1048576K
}
Event: 458.521 {metaspace Before GC invocations=167 (full 0):
 Metaspace       used 178828K, committed 180928K, reserved 1245184K
  class space    used 24163K, committed 25152K, reserved 1048576K
}
Event: 458.595 {metaspace After GC invocations=168 (full 0):
 Metaspace       used 178828K, committed 180928K, reserved 1245184K
  class space    used 24163K, committed 25152K, reserved 1048576K
}
Event: 480.400 {metaspace Before GC invocations=168 (full 0):
 Metaspace       used 182288K, committed 184320K, reserved 1245184K
  class space    used 24499K, committed 25472K, reserved 1048576K
}
Event: 480.670 {metaspace After GC invocations=169 (full 0):
 Metaspace       used 182288K, committed 184320K, reserved 1245184K
  class space    used 24499K, committed 25472K, reserved 1048576K
}
Event: 487.512 {metaspace Before GC invocations=169 (full 0):
 Metaspace       used 182289K, committed 184320K, reserved 1245184K
  class space    used 24499K, committed 25472K, reserved 1048576K
}
Event: 487.740 {metaspace After GC invocations=170 (full 0):
 Metaspace       used 182289K, committed 184320K, reserved 1245184K
  class space    used 24499K, committed 25472K, reserved 1048576K
}
Event: 495.988 {metaspace Before GC invocations=170 (full 0):
 Metaspace       used 182289K, committed 184320K, reserved 1245184K
  class space    used 24499K, committed 25472K, reserved 1048576K
}

Dll operation events (3 events):
Event: 1.532 Loaded shared library C:\Program Files\Android\Android Studio\jbr\bin\java.dll
Event: 1.547 Loaded shared library C:\Program Files\Android\Android Studio\jbr\bin\zip.dll
Event: 6.402 Loaded shared library C:\Program Files\Android\Android Studio\jbr\bin\verify.dll

Deoptimization events (20 events):
Event: 490.036 Thread 0x0000024bfddc4e40 DEOPT PACKING pc=0x0000024bda36c1a4 sp=0x000000de81df8490
Event: 490.036 Thread 0x0000024bfddc4e40 DEOPT UNPACKING pc=0x0000024bd9d6a682 sp=0x000000de81df8368 mode 2
Event: 492.955 Thread 0x0000024bfddc4e40 Uncommon trap: trap_request=0xffffffde fr.pc=0x0000024bda79c44c relative=0x000000000000114c
Event: 492.955 Thread 0x0000024bfddc4e40 Uncommon trap: reason=class_check action=maybe_recompile pc=0x0000024bda79c44c method=org.jetbrains.org.objectweb.asm.tree.AnnotationNode.visit(Ljava/lang/String;Ljava/lang/Object;)V @ 174 c2
Event: 492.955 Thread 0x0000024bfddc4e40 DEOPT PACKING pc=0x0000024bda79c44c sp=0x000000de81df80a0
Event: 492.955 Thread 0x0000024bfddc4e40 DEOPT UNPACKING pc=0x0000024bd9d6a682 sp=0x000000de81df8080 mode 2
Event: 494.660 Thread 0x0000024bfddc4e40 Uncommon trap: trap_request=0xffffff45 fr.pc=0x0000024bdaf3fbb0 relative=0x00000000000006b0
Event: 494.661 Thread 0x0000024bfddc4e40 Uncommon trap: reason=unstable_if action=reinterpret pc=0x0000024bdaf3fbb0 method=jdk.internal.ref.CleanerImpl$CleanableList.insert(Ljdk/internal/ref/PhantomCleanable;)V @ 10 c2
Event: 494.661 Thread 0x0000024bfddc4e40 DEOPT PACKING pc=0x0000024bdaf3fbb0 sp=0x000000de81df81c0
Event: 494.661 Thread 0x0000024bfddc4e40 DEOPT UNPACKING pc=0x0000024bd9d6a682 sp=0x000000de81df7f58 mode 2
Event: 494.705 Thread 0x0000024bfddc4e40 Uncommon trap: trap_request=0xffffff45 fr.pc=0x0000024bdaf4093c relative=0x00000000000005bc
Event: 494.706 Thread 0x0000024bfddc4e40 Uncommon trap: reason=unstable_if action=reinterpret pc=0x0000024bdaf4093c method=jdk.internal.ref.CleanerImpl$CleanableList.insert(Ljdk/internal/ref/PhantomCleanable;)V @ 10 c2
Event: 494.706 Thread 0x0000024bfddc4e40 DEOPT PACKING pc=0x0000024bdaf4093c sp=0x000000de81df8120
Event: 494.706 Thread 0x0000024bfddc4e40 DEOPT UNPACKING pc=0x0000024bd9d6a682 sp=0x000000de81df7f50 mode 2
Event: 494.759 Thread 0x0000024bfddc4e40 Uncommon trap: trap_request=0xffffff45 fr.pc=0x0000024bda4b811c relative=0x000000000000059c
Event: 494.759 Thread 0x0000024bfddc4e40 Uncommon trap: reason=unstable_if action=reinterpret pc=0x0000024bda4b811c method=jdk.internal.ref.CleanerImpl$CleanableList.insert(Ljdk/internal/ref/PhantomCleanable;)V @ 10 c2
Event: 494.760 Thread 0x0000024bfddc4e40 DEOPT PACKING pc=0x0000024bda4b811c sp=0x000000de81df80c0
Event: 494.760 Thread 0x0000024bfddc4e40 DEOPT UNPACKING pc=0x0000024bd9d6a682 sp=0x000000de81df7f58 mode 2
Event: 495.761 Thread 0x0000024bfddc4e40 DEOPT PACKING pc=0x0000024bcab97532 sp=0x000000de81df7c20
Event: 495.761 Thread 0x0000024bfddc4e40 DEOPT UNPACKING pc=0x0000024bd9ca1702 sp=0x000000de81df7330 mode 0

Classes loaded (20 events):
Event: 318.389 Loading class sun/rmi/transport/DGCAckHandler$1
Event: 318.390 Loading class sun/rmi/transport/DGCAckHandler$1 done
Event: 318.435 Loading class sun/rmi/transport/tcp/TCPTransport$ConnectionHandler
Event: 318.436 Loading class sun/rmi/transport/tcp/TCPTransport$ConnectionHandler done
Event: 318.455 Loading class sun/rmi/transport/DGCImpl$LeaseInfo
Event: 318.456 Loading class sun/rmi/transport/DGCImpl$LeaseInfo done
Event: 318.456 Loading class sun/rmi/transport/DGCImpl$1
Event: 318.457 Loading class sun/rmi/transport/DGCImpl$1 done
Event: 318.458 Loading class sun/rmi/transport/SequenceEntry
Event: 318.458 Loading class sun/rmi/transport/SequenceEntry done
Event: 377.966 Loading class java/nio/file/Files$2
Event: 377.973 Loading class java/nio/file/Files$2 done
Event: 378.496 Loading class java/util/concurrent/ConcurrentLinkedQueue$Itr
Event: 378.508 Loading class java/util/concurrent/ConcurrentLinkedQueue$Itr done
Event: 388.665 Loading class com/sun/org/apache/xerces/internal/util/EncodingMap
Event: 388.750 Loading class com/sun/org/apache/xerces/internal/util/EncodingMap done
Event: 388.841 Loading class sun/nio/cs/ISO_8859_1$Decoder
Event: 388.865 Loading class sun/nio/cs/ISO_8859_1$Decoder done
Event: 392.144 Loading class sun/rmi/transport/DGCClient$EndpointEntry$CleanRequest
Event: 392.178 Loading class sun/rmi/transport/DGCClient$EndpointEntry$CleanRequest done

Classes unloaded (0 events):
No events

Classes redefined (0 events):
No events

Internal exceptions (20 events):
Event: 476.984 Thread 0x0000024b80652700 Exception <a 'sun/nio/fs/WindowsException'{0x000000062d82b378}> (0x000000062d82b378) 
thrown [s\src\hotspot\share\prims\jni.cpp, line 535]
Event: 476.985 Thread 0x0000024b80652700 Exception <a 'sun/nio/fs/WindowsException'{0x000000062d82da28}> (0x000000062d82da28) 
thrown [s\src\hotspot\share\prims\jni.cpp, line 535]
Event: 476.986 Thread 0x0000024b80652700 Exception <a 'sun/nio/fs/WindowsException'{0x000000062d830a40}> (0x000000062d830a40) 
thrown [s\src\hotspot\share\prims\jni.cpp, line 535]
Event: 476.987 Thread 0x0000024b80652700 Exception <a 'sun/nio/fs/WindowsException'{0x000000062d831130}> (0x000000062d831130) 
thrown [s\src\hotspot\share\prims\jni.cpp, line 535]
Event: 476.988 Thread 0x0000024b80652700 Exception <a 'sun/nio/fs/WindowsException'{0x000000062d833c28}> (0x000000062d833c28) 
thrown [s\src\hotspot\share\prims\jni.cpp, line 535]
Event: 476.990 Thread 0x0000024b80652700 Exception <a 'sun/nio/fs/WindowsException'{0x000000062d836228}> (0x000000062d836228) 
thrown [s\src\hotspot\share\prims\jni.cpp, line 535]
Event: 476.991 Thread 0x0000024b80652700 Exception <a 'sun/nio/fs/WindowsException'{0x000000062d838898}> (0x000000062d838898) 
thrown [s\src\hotspot\share\prims\jni.cpp, line 535]
Event: 476.992 Thread 0x0000024b80652700 Exception <a 'sun/nio/fs/WindowsException'{0x000000062d83b830}> (0x000000062d83b830) 
thrown [s\src\hotspot\share\prims\jni.cpp, line 535]
Event: 476.992 Thread 0x0000024b80652700 Exception <a 'sun/nio/fs/WindowsException'{0x000000062d83bef8}> (0x000000062d83bef8) 
thrown [s\src\hotspot\share\prims\jni.cpp, line 535]
Event: 476.994 Thread 0x0000024b80652700 Exception <a 'sun/nio/fs/WindowsException'{0x000000062d83e988}> (0x000000062d83e988) 
thrown [s\src\hotspot\share\prims\jni.cpp, line 535]
Event: 476.995 Thread 0x0000024b80652700 Exception <a 'sun/nio/fs/WindowsException'{0x000000062d840f58}> (0x000000062d840f58) 
thrown [s\src\hotspot\share\prims\jni.cpp, line 535]
Event: 476.996 Thread 0x0000024b80652700 Exception <a 'sun/nio/fs/WindowsException'{0x000000062d843e28}> (0x000000062d843e28) 
thrown [s\src\hotspot\share\prims\jni.cpp, line 535]
Event: 477.047 Thread 0x0000024b80652700 Exception <a 'sun/nio/fs/WindowsException'{0x000000062d846408}> (0x000000062d846408) 
thrown [s\src\hotspot\share\prims\jni.cpp, line 535]
Event: 477.049 Thread 0x0000024b80652700 Exception <a 'sun/nio/fs/WindowsException'{0x000000062d847240}> (0x000000062d847240) 
thrown [s\src\hotspot\share\prims\jni.cpp, line 535]
Event: 477.052 Thread 0x0000024b80652700 Exception <a 'sun/nio/fs/WindowsException'{0x000000062d850490}> (0x000000062d850490) 
thrown [s\src\hotspot\share\prims\jni.cpp, line 535]
Event: 477.062 Thread 0x0000024bfddc4e40 Exception <a 'sun/nio/fs/WindowsException'{0x000000062deedbc0}> (0x000000062deedbc0) 
thrown [s\src\hotspot\share\prims\jni.cpp, line 535]
Event: 480.110 Thread 0x0000024bfda41ac0 Exception <a 'sun/nio/fs/WindowsException'{0x0000000622ed8a00}> (0x0000000622ed8a00) 
thrown [s\src\hotspot\share\prims\jni.cpp, line 535]
Event: 480.225 Thread 0x0000024bfda41ac0 Exception <a 'sun/nio/fs/WindowsException'{0x00000006224cb910}> (0x00000006224cb910) 
thrown [s\src\hotspot\share\prims\jni.cpp, line 535]
Event: 489.997 Thread 0x0000024bfda41ac0 Exception <a 'sun/nio/fs/WindowsException'{0x00000006426df2e8}> (0x00000006426df2e8) 
thrown [s\src\hotspot\share\prims\jni.cpp, line 535]
Event: 490.035 Thread 0x0000024bfda41ac0 Exception <a 'sun/nio/fs/WindowsException'{0x00000006423bb248}> (0x00000006423bb248) 
thrown [s\src\hotspot\share\prims\jni.cpp, line 535]

VM Operations (20 events):
Event: 466.901 Executing non-safepoint VM operation: HandshakeAllThreads (Deoptimize) done
Event: 472.100 Executing non-safepoint VM operation: HandshakeAllThreads (Deoptimize)
Event: 472.101 Executing non-safepoint VM operation: HandshakeAllThreads (Deoptimize) done
Event: 472.716 Executing non-safepoint VM operation: HandshakeAllThreads (Deoptimize)
Event: 472.717 Executing non-safepoint VM operation: HandshakeAllThreads (Deoptimize) done
Event: 472.723 Executing non-safepoint VM operation: HandshakeAllThreads (Deoptimize)
Event: 472.723 Executing non-safepoint VM operation: HandshakeAllThreads (Deoptimize) done
Event: 473.449 Executing non-safepoint VM operation: HandshakeAllThreads (Deoptimize)
Event: 473.450 Executing non-safepoint VM operation: HandshakeAllThreads (Deoptimize) done
Event: 474.966 Executing non-safepoint VM operation: HandshakeAllThreads (Deoptimize)
Event: 474.967 Executing non-safepoint VM operation: HandshakeAllThreads (Deoptimize) done
Event: 480.396 Executing safepoint VM operation: G1CollectForAllocation (G1 Evacuation Pause)
Event: 480.671 Executing safepoint VM operation: G1CollectForAllocation (G1 Evacuation Pause) done
Event: 483.256 Executing non-safepoint VM operation: HandshakeAllThreads (HandshakeForDeflation)
Event: 483.278 Executing non-safepoint VM operation: HandshakeAllThreads (HandshakeForDeflation) done
Event: 483.278 Executing non-safepoint VM operation: RendezvousGCThreads
Event: 483.278 Executing non-safepoint VM operation: RendezvousGCThreads done
Event: 487.451 Executing safepoint VM operation: G1CollectForAllocation (G1 Evacuation Pause)
Event: 487.740 Executing safepoint VM operation: G1CollectForAllocation (G1 Evacuation Pause) done
Event: 495.984 Executing safepoint VM operation: G1CollectForAllocation (G1 Evacuation Pause)

Memory protections (0 events):
No events

Nmethod flushes (20 events):
Event: 430.626 Thread 0x0000024bf47cf6f0 flushing  nmethod 0x0000024bcb591b88
Event: 430.626 Thread 0x0000024bf47cf6f0 flushing  nmethod 0x0000024bcb592e08
Event: 430.626 Thread 0x0000024bf47cf6f0 flushing  nmethod 0x0000024bcb593888
Event: 430.626 Thread 0x0000024bf47cf6f0 flushing  nmethod 0x0000024bcb5a7088
Event: 430.626 Thread 0x0000024bf47cf6f0 flushing  nmethod 0x0000024bcb631d88
Event: 430.626 Thread 0x0000024bf47cf6f0 flushing  nmethod 0x0000024bcb632888
Event: 430.626 Thread 0x0000024bf47cf6f0 flushing  nmethod 0x0000024bcb633708
Event: 430.626 Thread 0x0000024bf47cf6f0 flushing  nmethod 0x0000024bcb634388
Event: 430.626 Thread 0x0000024bf47cf6f0 flushing  nmethod 0x0000024bcb636508
Event: 430.626 Thread 0x0000024bf47cf6f0 flushing  nmethod 0x0000024bcb7f4b88
Event: 430.626 Thread 0x0000024bf47cf6f0 flushing  nmethod 0x0000024bcb811808
Event: 430.626 Thread 0x0000024bf47cf6f0 flushing  nmethod 0x0000024bcb811b88
Event: 430.626 Thread 0x0000024bf47cf6f0 flushing  nmethod 0x0000024bcb815508
Event: 430.626 Thread 0x0000024bf47cf6f0 flushing  nmethod 0x0000024bcb833388
Event: 430.626 Thread 0x0000024bf47cf6f0 flushing  nmethod 0x0000024bcb833988
Event: 430.626 Thread 0x0000024bf47cf6f0 flushing  nmethod 0x0000024bcbd74208
Event: 430.627 Thread 0x0000024bf47cf6f0 flushing  nmethod 0x0000024bcbd77d88
Event: 430.627 Thread 0x0000024bf47cf6f0 flushing  nmethod 0x0000024bcc26d908
Event: 430.627 Thread 0x0000024bf47cf6f0 flushing  nmethod 0x0000024bcc26dd08
Event: 430.627 Thread 0x0000024bf47cf6f0 flushing  nmethod 0x0000024bcc276808

Events (20 events):
Event: 239.704 Thread 0x0000024b95972610 Thread added: 0x0000024b96a69680
Event: 239.704 Thread 0x0000024b95972610 Thread added: 0x0000024b96a6d500
Event: 239.704 Thread 0x0000024b95972610 Thread added: 0x0000024b962d84c0
Event: 239.705 Thread 0x0000024b95972610 Thread added: 0x0000024b962dc340
Event: 240.464 Thread 0x0000024b95972610 Thread added: 0x0000024b962dcb10
Event: 240.465 Thread 0x0000024b95972610 Thread added: 0x0000024b962dd2e0
Event: 313.443 Thread 0x0000024b95972610 Thread added: 0x0000024b962e1930
Event: 313.970 Thread 0x0000024b962e1930 Thread added: 0x0000024b962e3870
Event: 317.869 Thread 0x0000024b962e3870 Thread exited: 0x0000024b962e3870
Event: 318.101 Thread 0x0000024b962e1930 Thread added: 0x0000024b962e3870
Event: 318.126 Thread 0x0000024b962e1930 Thread added: 0x0000024b962e1160
Event: 318.134 Loaded shared library C:\Program Files\Android\Android Studio\jbr\bin\rmi.dll
Event: 318.139 Thread 0x0000024b962e1930 Thread added: 0x0000024b962e7ec0
Event: 318.330 Thread 0x0000024b962e1930 Thread added: 0x0000024b962e8690
Event: 318.331 Thread 0x0000024b962e1930 Thread added: 0x0000024b962e4fe0
Event: 318.436 Thread 0x0000024b962e8690 Thread added: 0x0000024b962e9630
Event: 392.316 Thread 0x0000024b962e1160 Thread exited: 0x0000024b962e1160
Event: 438.556 Thread 0x0000024b9596c850 Thread exited: 0x0000024b9596c850
Event: 455.885 Thread 0x0000024b962e9630 Thread exited: 0x0000024b962e9630
Event: 476.947 Thread 0x0000024bfddc4e40 Thread added: 0x0000024b80652700


Dynamic libraries:
0x00007ff6ed270000 - 0x00007ff6ed27a000 	C:\Program Files\Android\Android Studio\jbr\bin\java.exe
0x00007fff4b8c0000 - 0x00007fff4bb27000 	C:\WINDOWS\SYSTEM32\ntdll.dll
0x00007fff4a3f0000 - 0x00007fff4a4bb000 	C:\WINDOWS\System32\KERNEL32.DLL
0x00007fff48da0000 - 0x00007fff491a2000 	C:\WINDOWS\System32\KERNELBASE.dll
0x00007fff48c10000 - 0x00007fff48d5c000 	C:\WINDOWS\System32\ucrtbase.dll
0x00007fff3f250000 - 0x00007fff3f26b000 	C:\Program Files\Android\Android Studio\jbr\bin\VCRUNTIME140.dll
0x00007fff206d0000 - 0x00007fff206e6000 	C:\Program Files\Android\Android Studio\jbr\bin\jli.dll
0x00007fff49e60000 - 0x00007fff4a02f000 	C:\WINDOWS\System32\USER32.dll
0x00007fff48d70000 - 0x00007fff48d97000 	C:\WINDOWS\System32\win32u.dll
0x00007fff4a3c0000 - 0x00007fff4a3eb000 	C:\WINDOWS\System32\GDI32.dll
0x00007fff25e20000 - 0x00007fff260b0000 	C:\WINDOWS\WinSxS\amd64_microsoft.windows.common-controls_6595b64144ccf1df_6.0.26100.9278_none_3e0d1ba8e3303201\COMCTL32.dll
0x00007fff491b0000 - 0x00007fff492d9000 	C:\WINDOWS\System32\gdi32full.dll
0x00007fff492e0000 - 0x00007fff49383000 	C:\WINDOWS\System32\msvcp_win.dll
0x00007fff4a310000 - 0x00007fff4a3b9000 	C:\WINDOWS\System32\msvcrt.dll
0x00007fff4a4d0000 - 0x00007fff4a501000 	C:\WINDOWS\System32\IMM32.DLL
0x00007fff43470000 - 0x00007fff4347c000 	C:\Program Files\Android\Android Studio\jbr\bin\vcruntime140_1.dll
0x00007fff21bf0000 - 0x00007fff21c7d000 	C:\Program Files\Android\Android Studio\jbr\bin\msvcp140.dll
0x00007ffe9e6a0000 - 0x00007ffe9f57a000 	C:\Program Files\Android\Android Studio\jbr\bin\server\jvm.dll
0x00007fff4aa40000 - 0x00007fff4aafc000 	C:\WINDOWS\System32\ADVAPI32.dll
0x00007fff4a510000 - 0x00007fff4a5b9000 	C:\WINDOWS\System32\sechost.dll
0x00007fff4a1f0000 - 0x00007fff4a308000 	C:\WINDOWS\System32\RPCRT4.dll
0x00007fff4a160000 - 0x00007fff4a1e0000 	C:\WINDOWS\System32\WS2_32.dll
0x00007fff35640000 - 0x00007fff35676000 	C:\WINDOWS\SYSTEM32\WINMM.dll
0x00007fff48920000 - 0x00007fff4897e000 	C:\WINDOWS\SYSTEM32\POWRPROF.dll
0x00007fff408b0000 - 0x00007fff408bb000 	C:\WINDOWS\SYSTEM32\VERSION.dll
0x00007fff48900000 - 0x00007fff48915000 	C:\WINDOWS\SYSTEM32\UMPDC.dll
0x00007fff47750000 - 0x00007fff4776b000 	C:\WINDOWS\SYSTEM32\kernel.appcore.dll
0x00007fff40bc0000 - 0x00007fff40bca000 	C:\Program Files\Android\Android Studio\jbr\bin\jimage.dll
0x00007fff31bc0000 - 0x00007fff31e0c000 	C:\WINDOWS\SYSTEM32\DBGHELP.DLL
0x00007fff4ae30000 - 0x00007fff4b1b5000 	C:\WINDOWS\System32\combase.dll
0x00007fff495e0000 - 0x00007fff496b9000 	C:\WINDOWS\System32\OLEAUT32.dll
0x00007fff25330000 - 0x00007fff2536b000 	C:\WINDOWS\SYSTEM32\dbgcore.DLL
0x00007fff49520000 - 0x00007fff495cc000 	C:\WINDOWS\System32\bcryptPrimitives.dll
0x00007fff31800000 - 0x00007fff3180e000 	C:\Program Files\Android\Android Studio\jbr\bin\instrument.dll
0x00007fff35270000 - 0x00007fff3528f000 	C:\Program Files\Android\Android Studio\jbr\bin\java.dll
0x00007fff4b1c0000 - 0x00007fff4b35a000 	C:\WINDOWS\System32\ole32.dll
0x00007fff496c0000 - 0x00007fff49e58000 	C:\WINDOWS\System32\SHELL32.dll
0x00007fff2b3f0000 - 0x00007fff2b407000 	C:\Program Files\Android\Android Studio\jbr\bin\zip.dll
0x00007fff464e0000 - 0x00007fff46d8e000 	C:\WINDOWS\SYSTEM32\windows.storage.dll
0x00007fff4a6e0000 - 0x00007fff4a7db000 	C:\WINDOWS\System32\SHCORE.dll
0x00007fff4ad90000 - 0x00007fff4adf6000 	C:\WINDOWS\System32\shlwapi.dll
0x00007fff489e0000 - 0x00007fff48a09000 	C:\WINDOWS\SYSTEM32\profapi.dll
0x00007fff40860000 - 0x00007fff40870000 	C:\Program Files\Android\Android Studio\jbr\bin\net.dll
0x00007fff47cf0000 - 0x00007fff47d5c000 	C:\WINDOWS\system32\mswsock.dll
0x00007fff2b3d0000 - 0x00007fff2b3e6000 	C:\Program Files\Android\Android Studio\jbr\bin\nio.dll
0x00007fff333b0000 - 0x00007fff333c0000 	C:\Program Files\Android\Android Studio\jbr\bin\verify.dll
0x00007fff21110000 - 0x00007fff21137000 	C:\Users\eunic\.gradle\native\1def1411415f61bf3af743bc5b6707747c0891f09f0c88961ee8f79bc544acac\windows-amd64\native-platform.dll
0x00007ffec2750000 - 0x00007ffec27c7000 	C:\Users\eunic\.gradle\native\0.2.8\x86_64-windows-gnu\gradle-fileevents.dll
0x00007fff39860000 - 0x00007fff39869000 	C:\Program Files\Android\Android Studio\jbr\bin\management.dll
0x00007fff37bb0000 - 0x00007fff37bbb000 	C:\Program Files\Android\Android Studio\jbr\bin\management_ext.dll
0x00007fff4a4c0000 - 0x00007fff4a4c8000 	C:\WINDOWS\System32\PSAPI.DLL
0x00007fff47150000 - 0x00007fff47183000 	C:\WINDOWS\SYSTEM32\IPHLPAPI.DLL
0x00007fff4a6d0000 - 0x00007fff4a6da000 	C:\WINDOWS\System32\NSI.dll
0x00007fff398a0000 - 0x00007fff398a9000 	C:\Program Files\Android\Android Studio\jbr\bin\extnet.dll
0x00007fff48110000 - 0x00007fff4812b000 	C:\WINDOWS\SYSTEM32\CRYPTSP.dll
0x00007fff476b0000 - 0x00007fff476e9000 	C:\WINDOWS\system32\rsaenh.dll
0x00007fff47da0000 - 0x00007fff47dd4000 	C:\WINDOWS\SYSTEM32\USERENV.dll
0x00007fff489b0000 - 0x00007fff489da000 	C:\WINDOWS\SYSTEM32\bcrypt.dll
0x00007fff47f50000 - 0x00007fff47f5c000 	C:\WINDOWS\SYSTEM32\CRYPTBASE.dll
0x00007fff3f9a0000 - 0x00007fff3f9a8000 	C:\WINDOWS\system32\wshunix.dll
0x00007fff471f0000 - 0x00007fff47348000 	C:\WINDOWS\SYSTEM32\DNSAPI.dll
0x00007fff47aa0000 - 0x00007fff47aad000 	C:\WINDOWS\SYSTEM32\DSPARSE.dll
0x00007fff408f0000 - 0x00007fff408fb000 	C:\Windows\System32\rasadhlp.dll
0x00007fff42de0000 - 0x00007fff42e66000 	C:\WINDOWS\System32\fwpuclnt.dll
0x00007fff40b20000 - 0x00007fff40b27000 	C:\Program Files\Android\Android Studio\jbr\bin\rmi.dll
0x00007fff47880000 - 0x00007fff478b6000 	C:\WINDOWS\SYSTEM32\ntmarta.dll

JVMTI agents:
C:\Users\eunic\.gradle\wrapper\dists\gradle-9.1.0-all\7wzd0jkjit61aq2p43wpjgij9\gradle-9.1.0\lib\agents\gradle-instrumentation-agent-9.1.0.jar path:C:\Program Files\Android\Android Studio\jbr\bin\instrument.dll, loaded, initialized, instrumentlib options:none

dbghelp: loaded successfully - version: 4.0.5 - missing functions: none
symbol engine: initialized successfully - sym options: 0x614 - pdb path: .;C:\Program Files\Android\Android Studio\jbr\bin;C:\WINDOWS\SYSTEM32;C:\WINDOWS\WinSxS\amd64_microsoft.windows.common-controls_6595b64144ccf1df_6.0.26100.9278_none_3e0d1ba8e3303201;C:\Program Files\Android\Android Studio\jbr\bin\server;C:\Users\eunic\.gradle\native\1def1411415f61bf3af743bc5b6707747c0891f09f0c88961ee8f79bc544acac\windows-amd64;C:\Users\eunic\.gradle\native\0.2.8\x86_64-windows-gnu

VM Arguments:
jvm_args: --add-opens=java.base/java.lang=ALL-UNNAMED --add-opens=java.base/java.lang.invoke=ALL-UNNAMED --add-opens=java.base/java.util=ALL-UNNAMED --add-opens=java.prefs/java.util.prefs=ALL-UNNAMED --add-exports=jdk.compiler/com.sun.tools.javac.api=ALL-UNNAMED --add-exports=jdk.compiler/com.sun.tools.javac.util=ALL-UNNAMED --add-opens=java.base/java.util=ALL-UNNAMED --add-opens=java.prefs/java.util.prefs=ALL-UNNAMED --add-opens=java.base/java.nio.charset=ALL-UNNAMED --add-opens=java.base/java.net=ALL-UNNAMED --add-opens=java.base/java.util.concurrent=ALL-UNNAMED --add-opens=java.base/java.util.concurrent.atomic=ALL-UNNAMED --add-opens=java.xml/javax.xml.namespace=ALL-UNNAMED --add-opens=java.base/java.time=ALL-UNNAMED --enable-native-access=ALL-UNNAMED -XX:MaxMetaspaceSize=4G -XX:ReservedCodeCacheSize=512m -XX:+HeapDumpOnOutOfMemoryError -Xmx8G -Dfile.encoding=UTF-8 -Duser.country=PH -Duser.language=en -Duser.variant -javaagent:C:\Users\eunic\.gradle\wrapper\dists\gradle-9.1.0-all\7wzd0jkjit61aq2p43wpjgij9\gradle-9.1.0\lib\agents\gradle-instrumentation-agent-9.1.0.jar 
java_command: org.gradle.launcher.daemon.bootstrap.GradleDaemon 9.1.0
java_class_path (initial): C:\Users\eunic\.gradle\wrapper\dists\gradle-9.1.0-all\7wzd0jkjit61aq2p43wpjgij9\gradle-9.1.0\lib\gradle-daemon-main-9.1.0.jar
Launcher Type: SUN_STANDARD

[Global flags]
     intx CICompilerCount                          = 4                                         {product} {ergonomic}
     uint ConcGCThreads                            = 2                                         {product} {ergonomic}
     uint G1ConcRefinementThreads                  = 8                                         {product} {ergonomic}
   size_t G1HeapRegionSize                         = 4194304                                   {product} {ergonomic}
     bool HeapDumpOnOutOfMemoryError               = true                                   {manageable} {command line}
   size_t InitialHeapSize                          = 100663296                                 {product} {ergonomic}
   size_t MarkStackSize                            = 4194304                                   {product} {ergonomic}
   size_t MarkStackSizeMax                         = 536870912                                 {product} {ergonomic}
   size_t MaxHeapSize                              = 8589934592                                {product} {command line}
   size_t MaxMetaspaceSize                         = 4294967296                                {product} {command line}
   size_t MaxNewSize                               = 5150605312                                {product} {ergonomic}
   size_t MinHeapDeltaBytes                        = 4194304                                   {product} {ergonomic}
   size_t MinHeapSize                              = 8388608                                   {product} {ergonomic}
    uintx NonNMethodCodeHeapSize                   = 5832704                                {pd product} {ergonomic}
    uintx NonProfiledCodeHeapSize                  = 265551872                              {pd product} {ergonomic}
    uintx ProfiledCodeHeapSize                     = 265486336                              {pd product} {ergonomic}
    uintx ReservedCodeCacheSize                    = 536870912                              {pd product} {command line, ergonomic}
     bool SegmentedCodeCache                       = true                                      {product} {ergonomic}
   size_t SoftMaxHeapSize                          = 8589934592                             {manageable} {ergonomic}
     bool UseCompressedOops                        = true                           {product lp64_product} {ergonomic}
     bool UseG1GC                                  = true                                      {product} {ergonomic}
     bool UseLargePagesIndividualAllocation        = false                                  {pd product} {ergonomic}

Logging:
Log output configuration:
 #0: stdout all=warning uptime,level,tags foldmultilines=false
 #1: stderr all=off uptime,level,tags foldmultilines=false

Release file:
JAVA_VERSION="25.0.2" 
MODULES="java.base java.compiler java.datatransfer java.xml java.prefs java.desktop java.instrument java.logging java.management java.security.sasl java.naming java.rmi java.management.rmi java.net.http java.scripting java.security.jgss java.transaction.xa java.sql java.sql.rowset java.xml.crypto java.se java.smartcardio jdk.accessibility jdk.internal.jvmstat jdk.attach jdk.charsets jdk.internal.opt jdk.zipfs jdk.compiler jdk.crypto.cryptoki jdk.crypto.ec jdk.dynalink jdk.hotspot.agent jdk.httpserver jdk.internal.ed jdk.internal.le jdk.internal.md jdk.internal.vm.ci jdk.jartool jdk.javadoc jdk.jcmd jdk.jdeps jdk.jdwp.agent jdk.jdi jdk.jfr jdk.jlink jdk.localedata jdk.management jdk.management.agent jdk.management.jfr jdk.naming.dns jdk.naming.rmi jdk.net jdk.sctp jdk.security.auth jdk.security.jgss jdk.unsupported jdk.unsupported.desktop jdk.xml.dom" 
IMPLEMENTOR="JetBrains s.r.o." 
JAVA_RUNTIME_VERSION="25.0.2+-15348964-b329.117" 
LIBC="default" 
OS_ARCH="x86_64" 
OS_NAME="Windows" 
SOURCE=".:git:3cf398e84a39" 

Environment Variables:
JAVA_HOME=C:\Program Files\Android\Android Studio\jbr
CLASSPATH=C:\Users\eunic\Downloads\churchmate_scaffold\churchmate_scaffold\android\\gradle\wrapper\gradle-wrapper.jar
PATH=C:\Program Files\Android\Android Studio\jbr\bin;c:\Users\eunic\AppData\Roaming\Code\User\globalStorage\github.copilot-chat\debugCommand;c:\Users\eunic\AppData\Roaming\Code\User\globalStorage\github.copilot-chat\copilotCli;C:\Users\eunic\Downloads\flutter_windows_3.44.9-stable\flutter\bin\;c:\Users\eunic\AppData\Roaming\Code\User\globalStorage\github.copilot-chat\debugCommand;c:\Users\eunic\AppData\Roaming\Code\User\globalStorage\github.copilot-chat\copilotCli;C:\Users\eunic\Downloads\flutter_windows_3.44.9-stable\flutter\bin\;C:\Program Files\Common Files\Oracle\Java\javapath;C:\WINDOWS\system32;C:\WINDOWS;C:\WINDOWS\System32\Wbem;C:\WINDOWS\System32\WindowsPowerShell\v1.0\;C:\WINDOWS\System32\OpenSSH\;C:\Program Files\Microsoft SQL Server\170\Tools\Binn\;C:\Program Files\Microsoft SQL Server\Client SDK\ODBC\170\Tools\Binn\;C:\Program Files\dotnet\;C:\Program Files (x86)\Windows Kits\10\Windows Performance Toolkit\;C:\Users\eunic\Downloads\flutter_windows_3.44.9-stable\flutter\bin;C:\Program Files\Git\cmd;C:\Program Files\MySQL\MySQL Shell 26.7\bin\;C:\Users\eunic\AppData\Local\Programs\Python\Python313\Scripts\;C:\Users\eunic\AppData\Local\Programs\Python\Python313\;C:\Users\eunic\AppData\Local\Programs\Python\Launcher\;C:\Users\eunic\AppData\Local\Microsoft\WindowsApps;C:\Users\eunic\AppData\Local\Programs\Microsoft VS Code\bin;C:\Users\eunic\.dotnet\tools;C:\Program Files\JetBrains\PyCharm 2026.2.0.1\bin;C:\Users\eunic\Downloads\flutter_windows_3.44.9-stable\flutter\bin\mingit\cmd
USERNAME=eunic
LANG=en_US.UTF-8
OS=Windows_NT
PROCESSOR_IDENTIFIER=AMD64 Family 23 Model 160 Stepping 0, AuthenticAMD
TMP=C:\Users\eunic\AppData\Local\Temp
TEMP=C:\Users\eunic\AppData\Local\Temp




Compilation memory statistics disabled.

Periodic native trim disabled

JNI global refs:
JNI global refs: 26, weak refs: 0

JNI global refs memory usage: 835, weak refs: 201

Process memory usage:
Resident Set Size: 492716K (8% of 6108668K total physical memory with 158184K free physical memory)

OOME stack traces (most recent first):
Classloader memory used:
Loader org.gradle.internal.classloader.VisitableURLClassLoader                         : 117 M
Loader bootstrap                                                                       : 34612 K
Loader org.gradle.initialization.MixInLegacyTypesClassLoader                           : 12762 K
Loader org.gradle.internal.classloader.VisitableURLClassLoader$InstrumentingVisitableURLClassLoader: 8530 K
Loader java.net.URLClassLoader                                                         : 5420 K
Loader jdk.internal.jrtfs.JrtFileSystemProvider$JrtFsLoader                            : 330 K
Loader jdk.internal.loader.ClassLoaders$AppClassLoader                                 : 225 K
Loader jdk.internal.loader.ClassLoaders$PlatformClassLoader                            : 181 K
Loader org.gradle.internal.classloader.VisitableURLClassLoader                         : 102 K

Classes loaded by more than one classloader:
Class Program                                                                         : loaded 5 times (x 74B)
Class org.jetbrains.kotlin.build.report.metrics.GradleBuildTime$Companion             : loaded 3 times (x 73B)
Class org.jetbrains.kotlin.build.report.metrics.BuildTime                             : loaded 3 times (x 72B)
Class [Lorg.jetbrains.kotlin.build.report.metrics.GradleBuildTime;                    : loaded 3 times (x 71B)
Class org.jetbrains.kotlin.build.report.metrics.BuildMetricsReporter                  : loaded 3 times (x 72B)
Class org.jetbrains.kotlin.build.report.metrics.DoNothingBuildMetricsReporter         : loaded 3 times (x 89B)
Class [Lorg.jetbrains.kotlin.build.report.metrics.BuildTime;                          : loaded 3 times (x 71B)
Class org.jetbrains.kotlin.build.report.metrics.GradleBuildTime                       : loaded 3 times (x 90B)
Class kotlin.jvm.internal.CollectionToArray                                           : loaded 2 times (x 73B)
Class [Lorg.jetbrains.kotlin.metadata.ProtoBuf$Visibility;                            : loaded 2 times (x 71B)
Class org.jetbrains.kotlin.metadata.ProtoBuf$ContractOrBuilder                        : loaded 2 times (x 72B)
Class org.jetbrains.kotlin.load.kotlin.FileBasedKotlinClass$OuterAndInnerName         : loaded 2 times (x 74B)
Class kotlin.io.FilesKt__FileTreeWalkKt                                               : loaded 2 times (x 73B)
Class kotlin.sequences.FilteringSequence$iterator$1                                   : loaded 2 times (x 81B)
Class kotlin.sequences.SequencesKt__SequenceBuilderKt                                 : loaded 2 times (x 73B)
Class kotlin.collections.CollectionsKt__ReversedViewsKt                               : loaded 2 times (x 73B)
Class org.jetbrains.kotlin.incremental.classpathDiff.DirectoryOrJarReader             : loaded 2 times (x 72B)
Class jdk.internal.jimage.BasicImageReader                                            : loaded 2 times (x 97B)
Class org.gradle.internal.classloader.ClassLoaderHierarchy                            : loaded 2 times (x 72B)
Class [Lorg.jetbrains.kotlin.metadata.ProtoBuf$Modality;                              : loaded 2 times (x 71B)
Class org.jetbrains.kotlin.inline.InlineUtilKt                                        : loaded 2 times (x 73B)
Class org.jetbrains.org.objectweb.asm.tree.Util                                       : loaded 2 times (x 73B)
Class org.jetbrains.kotlin.metadata.deserialization.MetadataVersion$Companion         : loaded 2 times (x 73B)
Class org.gradle.api.internal.classpath.ManifestUtil                                  : loaded 2 times (x 73B)
Class org.jetbrains.kotlin.metadata.ProtoBuf$Effect$InvocationKind$1                  : loaded 2 times (x 76B)
Class org.jetbrains.kotlin.incremental.storage.ProtoMapValue                          : loaded 2 times (x 74B)
Class org.jetbrains.kotlin.protobuf.GeneratedMessageLite$1                            : loaded 2 times (x 73B)
Class org.jetbrains.kotlin.metadata.ProtoBuf$FunctionOrBuilder                        : loaded 2 times (x 72B)
Class org.jetbrains.kotlin.protobuf.GeneratedMessageLite$ExtendableMessageOrBuilder   : loaded 2 times (x 72B)
Class org.jetbrains.kotlin.incremental.classpathDiff.impl.BasicClassInfo              : loaded 2 times (x 74B)
Class org.jetbrains.kotlin.incremental.classpathDiff.impl.ClassListSnapshotterKt      : loaded 2 times (x 73B)
Class org.jetbrains.kotlin.protobuf.ByteString$Output                                 : loaded 2 times (x 88B)
Class org.jetbrains.kotlin.incremental.classpathDiff.impl.ClassListSnapshotterKt$WhenMappings: loaded 2 times (x 73B)
Class org.jetbrains.org.objectweb.asm.tree.FieldInsnNode                              : loaded 2 times (x 81B)
Class jdk.internal.jimage.decompressor.StringSharingDecompressorFactory               : loaded 2 times (x 76B)
Class org.jetbrains.kotlin.metadata.ProtoBuf$Effect$EffectType                        : loaded 2 times (x 84B)
Class org.jetbrains.kotlin.buildtools.internal.CompilationServiceProxy                : loaded 2 times (x 84B)
Class org.gradle.internal.classloader.DefaultClassLoaderFactory                       : loaded 2 times (x 84B)
Class org.jetbrains.kotlin.metadata.jvm.deserialization.JvmNameResolver               : loaded 2 times (x 82B)
Class org.jetbrains.org.objectweb.asm.ClassVisitor                                    : loaded 2 times (x 90B)
Class kotlin.sequences.SequencesKt___SequencesKt                                      : loaded 2 times (x 73B)
Class kotlin.collections.AbstractList$Companion                                       : loaded 2 times (x 73B)
Class org.gradle.internal.classloader.ClassLoaderVisitor                              : loaded 2 times (x 78B)
Class org.jetbrains.kotlin.inline.InlinePropertyAccessor                              : loaded 2 times (x 77B)
Class org.jetbrains.kotlin.metadata.deserialization.Flags$EnumLiteFlagField           : loaded 2 times (x 78B)
Class org.jetbrains.kotlin.metadata.ProtoBuf$Type$Argument$1                          : loaded 2 times (x 146B)
Class org.jetbrains.kotlin.metadata.jvm.JvmProtoBuf$StringTableTypesOrBuilder         : loaded 2 times (x 72B)
Class org.jetbrains.kotlin.com.intellij.util.io.IOUtil                                : loaded 2 times (x 73B)
Class org.jetbrains.org.objectweb.asm.tree.FrameNode                                  : loaded 2 times (x 80B)
Class org.jetbrains.org.objectweb.asm.ClassReader                                     : loaded 2 times (x 94B)
Class org.gradle.api.internal.classpath.EffectiveClassPath                            : loaded 2 times (x 92B)
Class org.jetbrains.org.objectweb.asm.Handle                                          : loaded 2 times (x 74B)
Class org.jetbrains.kotlin.metadata.ProtoBuf$EnumEntry                                : loaded 2 times (x 122B)
Class [Lorg.jetbrains.kotlin.descriptors.CallableMemberDescriptor$Kind;               : loaded 2 times (x 71B)
Class org.jetbrains.kotlin.incremental.classpathDiff.impl.SingleClassSnapshotter      : loaded 2 times (x 73B)
Class kotlin.text.StringsKt__AppendableKt                                             : loaded 2 times (x 73B)
Class [Lorg.jetbrains.kotlin.buildtools.api.internal.KotlinCompilerVersion$Maturity;  : loaded 2 times (x 71B)
Class org.jetbrains.kotlin.buildtools.api.internal.KotlinCompilerVersion$Maturity     : loaded 2 times (x 81B)
Class [Lkotlin.reflect.KCallable;                                                     : loaded 2 times (x 71B)
Class org.jetbrains.kotlin.util.ModuleVisibilityHelper                                : loaded 2 times (x 72B)
Class org.jetbrains.kotlin.descriptors.DescriptorVisibilities$1                       : loaded 2 times (x 81B)
Class org.jetbrains.kotlin.protobuf.CodedOutputStream$ByteBufferOutputStream          : loaded 2 times (x 88B)
Class org.jetbrains.kotlin.incremental.classpathDiff.impl.ClassFile                   : loaded 2 times (x 74B)
Class org.jetbrains.kotlin.buildtools.api.jvm.ClassSnapshotGranularity                : loaded 2 times (x 81B)
Class org.gradle.api.internal.DefaultClassPathProvider                                : loaded 2 times (x 78B)
Class org.jetbrains.kotlin.descriptors.DescriptorVisibilities$2                       : loaded 2 times (x 81B)
Class org.jetbrains.kotlin.metadata.ProtoBuf$Modality                                 : loaded 2 times (x 84B)
Class org.jetbrains.kotlin.metadata.jvm.JvmProtoBuf$JvmFieldSignature                 : loaded 2 times (x 110B)
Class org.jetbrains.kotlin.protobuf.ExtensionRegistryLite                             : loaded 2 times (x 76B)
Class org.jetbrains.kotlin.incremental.classpathDiff.impl.ClassListSnapshotter        : loaded 2 times (x 72B)
Class kotlin.sequences.Sequence                                                       : loaded 2 times (x 72B)
Class kotlin.text.StringsKt__StringNumberConversionsJVMKt                             : loaded 2 times (x 73B)
Class [Lorg.gradle.api.internal.ClassPathProvider;                                    : loaded 2 times (x 71B)
Class org.gradle.api.internal.ClassPathProvider                                       : loaded 2 times (x 72B)
Class org.jetbrains.kotlin.metadata.jvm.deserialization.ClassMapperLite               : loaded 2 times (x 73B)
Class org.jetbrains.kotlin.descriptors.DescriptorVisibilities$3                       : loaded 2 times (x 81B)
Class org.jetbrains.kotlin.metadata.ProtoBuf$MemberKind                               : loaded 2 times (x 84B)
Class org.jetbrains.kotlin.metadata.jvm.deserialization.JvmNameResolverBase$Companion : loaded 2 times (x 73B)
Class org.jetbrains.kotlin.load.java.JvmAnnotationNames                               : loaded 2 times (x 73B)
Class org.jetbrains.kotlin.cli.common.CompilerSystemProperties                        : loaded 2 times (x 81B)
Class org.gradle.internal.service.UnknownServiceException                             : loaded 2 times (x 85B)
Class org.jetbrains.kotlin.descriptors.DescriptorVisibilities$4                       : loaded 2 times (x 81B)
Class [Lorg.jetbrains.kotlin.protobuf.WireFormat$JavaType;                            : loaded 2 times (x 71B)
Class org.jetbrains.org.objectweb.asm.tree.TableSwitchInsnNode                        : loaded 2 times (x 80B)
Class [Lorg.jetbrains.org.objectweb.asm.Attribute;                                    : loaded 2 times (x 71B)
Class org.jetbrains.kotlin.descriptors.DescriptorVisibilities$5                       : loaded 2 times (x 81B)
Class org.jetbrains.kotlin.metadata.jvm.JvmProtoBuf$JvmPropertySignatureOrBuilder     : loaded 2 times (x 72B)
Class org.jetbrains.kotlin.protobuf.GeneratedMessageLite$ExtendableMessage            : loaded 2 times (x 115B)
Class org.jetbrains.kotlin.incremental.classpathDiff.MultifileClassKotlinClassSnapshot: loaded 2 times (x 78B)
Class org.jetbrains.kotlin.incremental.storage.ExternalizersKt                        : loaded 2 times (x 73B)
Class org.jetbrains.kotlin.cli.common.messages.CompilerMessageSeverity                : loaded 2 times (x 81B)
Class org.jetbrains.kotlin.descriptors.DescriptorVisibilities$6                       : loaded 2 times (x 81B)
Class org.jetbrains.kotlin.protobuf.CodedOutputStream$OutOfSpaceException             : loaded 2 times (x 84B)
Class org.jetbrains.kotlin.metadata.ProtoBuf$Annotation$Argument$Value                : loaded 2 times (x 129B)
Class kotlin.collections.ArraysKt___ArraysJvmKt                                       : loaded 2 times (x 73B)
Class kotlin.collections.CollectionsKt__CollectionsKt                                 : loaded 2 times (x 73B)
Class kotlin.text.StringsKt__RegexExtensionsJVMKt                                     : loaded 2 times (x 73B)
Class org.jetbrains.kotlin.descriptors.DescriptorVisibilities$7                       : loaded 2 times (x 81B)
Class kotlin._Assertions                                                              : loaded 2 times (x 73B)
Class org.gradle.internal.classpath.TransformedClassPath                              : loaded 2 times (x 98B)
Class org.gradle.internal.classloader.InstrumentingClassLoader                        : loaded 2 times (x 72B)
Class org.jetbrains.kotlin.incremental.storage.DoubleExternalizer                     : loaded 2 times (x 77B)
Class kotlin.jvm.internal.FunctionReference                                           : loaded 2 times (x 124B)
Class kotlin.jvm.internal.FunctionBase                                                : loaded 2 times (x 72B)
Class org.jetbrains.kotlin.descriptors.DescriptorVisibilities$8                       : loaded 2 times (x 81B)
Class org.jetbrains.kotlin.metadata.ProtoBuf$MemberKind$1                             : loaded 2 times (x 76B)
Class org.jetbrains.kotlin.metadata.jvm.JvmProtoBuf$StringTableTypes$RecordOrBuilder  : loaded 2 times (x 72B)
Class [Lorg.jetbrains.org.objectweb.asm.SymbolTable$Entry;                            : loaded 2 times (x 71B)
Class org.jetbrains.kotlin.resolve.jvm.JvmClassName                                   : loaded 2 times (x 78B)
Class kotlin.enums.EnumEntriesList                                                    : loaded 2 times (x 225B)
Class org.jetbrains.kotlin.buildtools.api.jvm.ClasspathEntrySnapshot                  : loaded 2 times (x 72B)
Class org.jetbrains.kotlin.com.google.common.base.Preconditions                       : loaded 2 times (x 73B)
Class org.jetbrains.kotlin.protobuf.GeneratedMessageLite$ExtendableBuilder            : loaded 2 times (x 139B)
Class org.jetbrains.kotlin.descriptors.DescriptorVisibilities$9                       : loaded 2 times (x 81B)
Class org.jetbrains.kotlin.metadata.jvm.JvmProtoBuf$StringTableTypes                  : loaded 2 times (x 112B)
Class kotlin.comparisons.ComparisonsKt___ComparisonsJvmKt                             : loaded 2 times (x 73B)
Class kotlin.collections.CollectionsKt__IteratorsJVMKt                                : loaded 2 times (x 73B)
Class org.jetbrains.kotlin.utils.CollectionsKt                                        : loaded 2 times (x 73B)
Class org.jetbrains.kotlin.metadata.jvm.JvmProtoBuf$StringTableTypes$1                : loaded 2 times (x 146B)
Class org.jetbrains.kotlin.metadata.ProtoBuf$PropertyOrBuilder                        : loaded 2 times (x 72B)
Class org.jetbrains.kotlin.metadata.ProtoBuf$Constructor$1                            : loaded 2 times (x 146B)
Class [Lorg.jetbrains.kotlin.com.intellij.openapi.diagnostic.LogLevel;                : loaded 2 times (x 71B)
Class org.jetbrains.org.objectweb.asm.tree.LabelNode                                  : loaded 2 times (x 82B)
Class org.jetbrains.org.objectweb.asm.TypeReference                                   : loaded 2 times (x 82B)
Class org.gradle.internal.service.ServiceLocator                                      : loaded 2 times (x 72B)
Class org.jetbrains.kotlin.incremental.storage.FloatExternalizer                      : loaded 2 times (x 77B)
Class org.jetbrains.kotlin.load.kotlin.header.ReadKotlinClassHeaderAnnotationVisitor$CollectStringArrayAnnotationVisitor: loaded 2 times (x 87B)
Class kotlin.Pair                                                                     : loaded 2 times (x 74B)
Class org.jetbrains.kotlin.incremental.impl.UtilsKt                                   : loaded 2 times (x 73B)
Class [Lkotlin.Function;                                                              : loaded 2 times (x 71B)
Class org.jetbrains.kotlin.incremental.classpathDiff.impl.KotlinClassHeaderClassVisitor: loaded 2 times (x 90B)
Class jdk.internal.jrtfs.JrtFileSystemProvider                                        : loaded 2 times (x 103B)
Class [Lorg.jetbrains.org.objectweb.asm.tree.AbstractInsnNode;                        : loaded 2 times (x 71B)
Class org.jetbrains.kotlin.incremental.classpathDiff.ExtraInfoExternalizer            : loaded 2 times (x 77B)
Class kotlin.io.CloseableKt                                                           : loaded 2 times (x 73B)
Class org.jetbrains.kotlin.incremental.classpathDiff.ClasspathEntrySnapshot           : loaded 2 times (x 74B)
Class kotlin.collections.CollectionsKt__MutableCollectionsKt                          : loaded 2 times (x 73B)
Class org.jetbrains.kotlin.buildtools.api.SharedApiClassesClassLoader                 : loaded 2 times (x 73B)
Class kotlin.reflect.KCallable                                                        : loaded 2 times (x 72B)
Class org.jetbrains.kotlin.metadata.deserialization.ProtoBufUtilKt                    : loaded 2 times (x 73B)
Class kotlin.io.TerminateException                                                    : loaded 2 times (x 84B)
Class kotlin.io.FilesKt__FilePathComponentsKt                                         : loaded 2 times (x 73B)
Class org.jetbrains.kotlin.protobuf.AbstractMessageLite$Builder                       : loaded 2 times (x 124B)
Class org.jetbrains.kotlin.protobuf.Internal$EnumLiteMap                              : loaded 2 times (x 72B)
Class org.jetbrains.kotlin.protobuf.GeneratedMessageLite                              : loaded 2 times (x 103B)
Class org.jetbrains.org.objectweb.asm.tree.InsnList                                   : loaded 2 times (x 105B)
Class org.jetbrains.org.objectweb.asm.tree.ModuleNode                                 : loaded 2 times (x 84B)
Class org.jetbrains.kotlin.metadata.deserialization.MetadataVersion                   : loaded 2 times (x 76B)
Class org.jetbrains.kotlin.incremental.classpathDiff.impl.InstanceBasedSnapshotter    : loaded 2 times (x 74B)
Class org.jetbrains.kotlin.cli.common.messages.MessageCollector$Companion             : loaded 2 times (x 73B)
Class org.jetbrains.kotlin.descriptors.Visibilities$Unknown                           : loaded 2 times (x 81B)
Class org.jetbrains.kotlin.descriptors.Visibilities$Inherited                         : loaded 2 times (x 81B)
Class org.jetbrains.kotlin.protobuf.Parser                                            : loaded 2 times (x 72B)
Class org.jetbrains.org.objectweb.asm.tree.MethodInsnNode                             : loaded 2 times (x 80B)
Class org.jetbrains.org.objectweb.asm.tree.MethodNode                                 : loaded 2 times (x 111B)
Class org.jetbrains.kotlin.load.kotlin.KotlinJvmBinaryClass                           : loaded 2 times (x 72B)
Class org.gradle.internal.classloader.FilteringClassLoader                            : loaded 2 times (x 106B)
Class org.jetbrains.kotlin.config.KotlinCompilerVersion                               : loaded 2 times (x 73B)
Class jdk.internal.jimage.ImageLocation                                               : loaded 2 times (x 92B)
Class [Lorg.jetbrains.kotlin.metadata.ProtoBuf$VersionRequirement$Level;              : loaded 2 times (x 71B)
Class org.jetbrains.kotlin.protobuf.WireFormat$JavaType                               : loaded 2 times (x 81B)
Class org.jetbrains.kotlin.incremental.classpathDiff.KotlinClassSnapshot              : loaded 2 times (x 76B)
Class org.jetbrains.org.objectweb.asm.ClassTooLargeException                          : loaded 2 times (x 84B)
Class org.jetbrains.kotlin.metadata.jvm.deserialization.JvmMemberSignature$Method     : loaded 2 times (x 77B)
Class org.gradle.internal.InternalTransformer                                         : loaded 2 times (x 72B)
Class org.jetbrains.kotlin.metadata.ProtoBuf$Property$Builder                         : loaded 2 times (x 198B)
Class org.jetbrains.kotlin.descriptors.Visibilities$PrivateToThis                     : loaded 2 times (x 81B)
Class org.jetbrains.kotlin.protobuf.SmallSortedMap$1                                  : loaded 2 times (x 131B)
Class org.jetbrains.kotlin.incremental.classpathDiff.impl.ExtraInfoGeneratorWithInlinedClassSnapshotting: loaded 2 times (x 76B)
Class org.jetbrains.org.objectweb.asm.tree.IntInsnNode                                : loaded 2 times (x 80B)
Class kotlin.collections.EmptyList                                                    : loaded 2 times (x 176B)
Class kotlin.collections.MapsKt__MapsJVMKt                                            : loaded 2 times (x 73B)
Class jdk.internal.jimage.ImageBufferCache$1                                          : loaded 2 times (x 84B)
Class org.gradle.internal.classloader.ClasspathUtil$1                                 : loaded 2 times (x 78B)
Class org.jetbrains.kotlin.metadata.ProtoBuf$Effect$EffectType$1                      : loaded 2 times (x 76B)
Class org.jetbrains.kotlin.metadata.ProtoBuf$EffectOrBuilder                          : loaded 2 times (x 72B)
Class org.jetbrains.kotlin.incremental.KotlinClassInfo$Companion                      : loaded 2 times (x 73B)
Class org.jetbrains.kotlin.protobuf.BoundedByteString                                 : loaded 2 times (x 114B)
Class org.jetbrains.kotlin.incremental.storage.DelegateDataExternalizer               : loaded 2 times (x 78B)
Class jdk.internal.jimage.ImageBufferCache$2                                          : loaded 2 times (x 93B)
Class org.gradle.api.internal.classpath.DefaultModuleRegistry$DefaultModule           : loaded 2 times (x 88B)
Class org.jetbrains.kotlin.incremental.classpathDiff.JavaClassMemberLevelSnapshot     : loaded 2 times (x 74B)
Class org.jetbrains.org.objectweb.asm.tree.TryCatchBlockNode                          : loaded 2 times (x 76B)
Class org.jetbrains.kotlin.descriptors.Visibilities$InvisibleFake                     : loaded 2 times (x 81B)
Class org.jetbrains.kotlin.protobuf.UninitializedMessageException                     : loaded 2 times (x 86B)
Class org.jetbrains.kotlin.metadata.jvm.deserialization.JvmNameResolverKt             : loaded 2 times (x 73B)
Class org.jetbrains.kotlin.metadata.ProtoBuf$TypeParameter$Variance                   : loaded 2 times (x 84B)
Class org.jetbrains.kotlin.metadata.ProtoBuf$Annotation$Argument$Value$1              : loaded 2 times (x 146B)
Class org.jetbrains.kotlin.incremental.impl.SelectiveClassVisitor                     : loaded 2 times (x 90B)
Class kotlin.text.StringsKt__StringsKt                                                : loaded 2 times (x 73B)
Class [Lorg.jetbrains.kotlin.metadata.ProtoBuf$Effect$InvocationKind;                 : loaded 2 times (x 71B)
Class org.jetbrains.kotlin.metadata.ProtoBuf$VersionRequirement$VersionKind           : loaded 2 times (x 84B)
Class org.jetbrains.kotlin.descriptors.Named                                          : loaded 2 times (x 72B)
Class org.jetbrains.kotlin.serialization.deserialization.ProtoEnumFlagsUtilsKt        : loaded 2 times (x 73B)
Class org.jetbrains.kotlin.metadata.ProtoBuf$Visibility$1                             : loaded 2 times (x 76B)
Class org.jetbrains.kotlin.metadata.jvm.JvmProtoBuf$StringTableTypes$Record$Operation$1: loaded 2 times (x 76B)
Class kotlin.collections.IndexingIterable                                             : loaded 2 times (x 81B)
Class org.jetbrains.kotlin.metadata.deserialization.NameResolver                      : loaded 2 times (x 72B)
Class org.jetbrains.kotlin.protobuf.GeneratedMessageLite$ExtensionDescriptor          : loaded 2 times (x 86B)
Class org.jetbrains.kotlin.protobuf.InvalidProtocolBufferException                    : loaded 2 times (x 86B)
Class org.jetbrains.org.objectweb.asm.tree.JumpInsnNode                               : loaded 2 times (x 80B)
Class org.jetbrains.org.objectweb.asm.FieldVisitor                                    : loaded 2 times (x 79B)
Class kotlin.collections.ArraysKt__ArraysKt                                           : loaded 2 times (x 73B)
Class org.jetbrains.kotlin.buildtools.api.CompilationService$Companion                : loaded 2 times (x 73B)
Class org.jetbrains.kotlin.protobuf.ByteString$ByteIterator                           : loaded 2 times (x 72B)
Class org.jetbrains.kotlin.incremental.classpathDiff.impl.ClassFileWithContents       : loaded 2 times (x 74B)
Class kotlin.collections.SetsKt__SetsJVMKt                                            : loaded 2 times (x 73B)
Class kotlin.Function                                                                 : loaded 2 times (x 72B)
Class org.gradle.api.internal.classpath.Module                                        : loaded 2 times (x 72B)
Class kotlin.internal.ProgressionUtilKt                                               : loaded 2 times (x 73B)
Class org.jetbrains.kotlin.metadata.deserialization.Flags$FlagField                   : loaded 2 times (x 75B)
Class kotlin.io.FileAlreadyExistsException                                            : loaded 2 times (x 84B)
Class org.gradle.api.internal.classpath.UnknownModuleException                        : loaded 2 times (x 84B)
Class org.jetbrains.kotlin.metadata.ProtoBuf$TypeAliasOrBuilder                       : loaded 2 times (x 72B)
Class org.jetbrains.kotlin.incremental.classpathDiff.KotlinClassInfoExternalizer      : loaded 2 times (x 77B)
Class [Lorg.jetbrains.kotlin.metadata.ProtoBuf$Class$Kind;                            : loaded 2 times (x 71B)
Class org.jetbrains.kotlin.incremental.storage.LongExternalizer                       : loaded 2 times (x 77B)
Class org.jetbrains.kotlin.incremental.classpathDiff.AccessibleClassSnapshot          : loaded 2 times (x 75B)
Class jdk.internal.jimage.ImageHeader                                                 : loaded 2 times (x 73B)
Class kotlin.collections.IndexingIterator                                             : loaded 2 times (x 81B)
Class org.jetbrains.kotlin.protobuf.LiteralByteString                                 : loaded 2 times (x 114B)
Class org.jetbrains.kotlin.protobuf.LazyFieldLite                                     : loaded 2 times (x 84B)
Class kotlin.NotImplementedError                                                      : loaded 2 times (x 84B)
Class org.jetbrains.kotlin.incremental.storage.JvmMethodSignatureExternalizer         : loaded 2 times (x 77B)
Class [Lkotlin.reflect.KAnnotatedElement;                                             : loaded 2 times (x 71B)
Class org.jetbrains.org.objectweb.asm.FieldWriter                                     : loaded 2 times (x 79B)
Class org.jetbrains.org.objectweb.asm.tree.VarInsnNode                                : loaded 2 times (x 80B)
Class org.jetbrains.org.objectweb.asm.MethodVisitor                                   : loaded 2 times (x 107B)
Class kotlin.io.ByteStreamsKt                                                         : loaded 2 times (x 73B)
Class org.gradle.api.internal.DefaultClassPathRegistry                                : loaded 2 times (x 78B)
Class org.jetbrains.kotlin.metadata.ProtoBuf$Type$Argument$Projection$1               : loaded 2 times (x 76B)
Class org.jetbrains.kotlin.protobuf.SmallSortedMap$EmptySet$1                         : loaded 2 times (x 80B)
Class org.jetbrains.kotlin.protobuf.AbstractMessageLite$Builder$LimitedInputStream    : loaded 2 times (x 94B)
Class org.jetbrains.kotlin.cli.common.messages.MessageCollector                       : loaded 2 times (x 72B)
Class org.gradle.api.internal.ClassPathRegistry                                       : loaded 2 times (x 72B)
Class org.gradle.internal.classpath.DefaultClassPath$ImmutableUniqueList              : loaded 2 times (x 201B)
Class org.jetbrains.kotlin.descriptors.Visibilities$Protected                         : loaded 2 times (x 81B)
Class org.jetbrains.kotlin.metadata.ProtoBuf$PackageOrBuilder                         : loaded 2 times (x 72B)
Class org.jetbrains.kotlin.metadata.jvm.JvmProtoBuf$JvmPropertySignature              : loaded 2 times (x 116B)
Class org.jetbrains.kotlin.metadata.ProtoBuf$ValueParameterOrBuilder                  : loaded 2 times (x 72B)
Class org.jetbrains.kotlin.protobuf.SmallSortedMap$EmptySet$2                         : loaded 2 times (x 80B)
Class org.jetbrains.org.objectweb.asm.ByteVector                                      : loaded 2 times (x 80B)
Class kotlin.text.StringsKt__StringsJVMKt                                             : loaded 2 times (x 73B)
Class org.jetbrains.kotlin.buildtools.api.KotlinBuildToolsException                   : loaded 2 times (x 84B)
Class jdk.internal.jimage.decompressor.ResourceDecompressor                           : loaded 2 times (x 72B)
Class org.jetbrains.kotlin.descriptors.SourceElement                                  : loaded 2 times (x 72B)
Class [Lorg.jetbrains.org.objectweb.asm.tree.LabelNode;                               : loaded 2 times (x 71B)
Class org.jetbrains.kotlin.descriptors.DeclarationDescriptor                          : loaded 2 times (x 72B)
Class org.jetbrains.kotlin.incremental.storage.InlinePropertyAccessorExternalizer     : loaded 2 times (x 77B)
Class org.jetbrains.kotlin.descriptors.DescriptorVisibilities                         : loaded 2 times (x 73B)
Class org.jetbrains.kotlin.load.kotlin.KotlinJvmBinaryClass$AnnotationArrayArgumentVisitor: loaded 2 times (x 72B)
Class [Lorg.jetbrains.org.objectweb.asm.AnnotationWriter;                             : loaded 2 times (x 71B)
Class org.jetbrains.org.objectweb.asm.tree.LookupSwitchInsnNode                       : loaded 2 times (x 80B)
Class org.jetbrains.org.objectweb.asm.tree.FieldNode                                  : loaded 2 times (x 81B)
Class org.jetbrains.kotlin.name.FqNameUnsafe$Companion                                : loaded 2 times (x 73B)
Class kotlin.collections.SetsKt                                                       : loaded 2 times (x 73B)
Class kotlin.text.StringsKt__IndentKt                                                 : loaded 2 times (x 73B)
Class org.jetbrains.kotlin.cli.common.messages.CompilerMessageSourceLocation          : loaded 2 times (x 72B)
Class org.jetbrains.kotlin.cli.common.arguments.K2JVMCompilerArgumentsConfigurator    : loaded 2 times (x 76B)
Class Settings_gradle$1                                                               : loaded 2 times (x 76B)
Class org.gradle.internal.classpath.ClassPath                                         : loaded 2 times (x 72B)
Class kotlin.reflect.KFunction                                                        : loaded 2 times (x 72B)
Class org.jetbrains.kotlin.metadata.deserialization.TypeTable                         : loaded 2 times (x 74B)
Class org.jetbrains.kotlin.load.kotlin.FileBasedKotlinClass$1                         : loaded 2 times (x 90B)
Class org.jetbrains.kotlin.incremental.classpathDiff.impl.InnerClassesClassVisitor    : loaded 2 times (x 90B)
Class kotlin.sequences.SequencesKt__SequencesKt$asSequence$$inlined$Sequence$1        : loaded 2 times (x 77B)
Class org.jetbrains.kotlin.buildtools.api.internal.KotlinCompilerVersion              : loaded 2 times (x 77B)
Class org.jetbrains.kotlin.metadata.ProtoBuf$Type$ArgumentOrBuilder                   : loaded 2 times (x 72B)
Class org.jetbrains.kotlin.protobuf.GeneratedMessageLite$GeneratedExtension           : loaded 2 times (x 81B)
Class org.jetbrains.kotlin.com.intellij.openapi.diagnostic.Logger                     : loaded 2 times (x 101B)
Class org.jetbrains.kotlin.load.kotlin.FileBasedKotlinClass$2                         : loaded 2 times (x 90B)
Class kotlin.collections.MapsKt__MapsKt                                               : loaded 2 times (x 73B)
Class org.jetbrains.kotlin.incremental.classpathDiff.ClasspathEntrySnapshotter$Settings: loaded 2 times (x 74B)
Class org.jetbrains.kotlin.cli.common.arguments.Freezable                             : loaded 2 times (x 74B)
Class org.jetbrains.kotlin.metadata.ProtoBuf$Class                                    : loaded 2 times (x 178B)
Class org.jetbrains.kotlin.metadata.ProtoBuf$Property$1                               : loaded 2 times (x 146B)
Class org.jetbrains.kotlin.metadata.ProtoBuf$Type                                     : loaded 2 times (x 146B)
Class org.jetbrains.org.objectweb.asm.ClassWriter                                     : loaded 2 times (x 107B)
Class org.jetbrains.kotlin.load.kotlin.FileBasedKotlinClass$3                         : loaded 2 times (x 80B)
Class jdk.internal.jimage.ImageStringsReader                                          : loaded 2 times (x 82B)
Class org.jetbrains.kotlin.incremental.DifferenceCalculatorForPackageFacade$Companion$membersResolvers$1: loaded 2 times (x 127B)
Class org.jetbrains.kotlin.incremental.storage.StringExternalizer                     : loaded 2 times (x 77B)
Class org.jetbrains.kotlin.load.kotlin.FileBasedKotlinClass$4                         : loaded 2 times (x 90B)
Class kotlin.UninitializedPropertyAccessException                                     : loaded 2 times (x 84B)
Class org.jetbrains.kotlin.metadata.ProtoBuf$Annotation$Argument                      : loaded 2 times (x 110B)
Class org.jetbrains.org.objectweb.asm.tree.LocalVariableNode                          : loaded 2 times (x 75B)
Class org.jetbrains.kotlin.incremental.DifferenceCalculatorForPackageFacade$Companion$membersResolvers$2: loaded 2 times (x 127B)
Class org.jetbrains.kotlin.metadata.ProtoBuf$Class$Kind                               : loaded 2 times (x 84B)
Class org.jetbrains.kotlin.protobuf.GeneratedMessageLite$Builder                      : loaded 2 times (x 130B)
Class org.jetbrains.kotlin.protobuf.WireFormat$FieldType$1                            : loaded 2 times (x 84B)
Class org.jetbrains.kotlin.metadata.jvm.JvmProtoBuf$JvmMethodSignatureOrBuilder       : loaded 2 times (x 72B)
Class org.jetbrains.kotlin.protobuf.ByteString                                        : loaded 2 times (x 110B)
Class [Lorg.jetbrains.kotlin.cli.common.messages.CompilerMessageSeverity;             : loaded 2 times (x 71B)
Class [Lorg.jetbrains.kotlin.buildtools.api.jvm.ClassSnapshotGranularity;             : loaded 2 times (x 71B)
Class jdk.internal.jimage.ImageReader                                                 : loaded 2 times (x 77B)
Class org.jetbrains.kotlin.incremental.DifferenceCalculatorForPackageFacade$Companion$membersResolvers$3: loaded 2 times (x 127B)
Class org.jetbrains.kotlin.metadata.ProtoBuf$TypeParameter                            : loaded 2 times (x 131B)
Class org.jetbrains.kotlin.metadata.ProtoBuf$ValueParameter$1                         : loaded 2 times (x 146B)
Class [Lorg.jetbrains.kotlin.protobuf.WireFormat$FieldType;                           : loaded 2 times (x 71B)
Class org.jetbrains.kotlin.protobuf.WireFormat$FieldType$2                            : loaded 2 times (x 84B)
Class jdk.internal.jimage.ImageReader$SharedImageReader                               : loaded 2 times (x 97B)
Class org.gradle.internal.installation.GradleInstallation$1                           : loaded 2 times (x 77B)
Class org.gradle.api.internal.classpath.ModuleRegistry                                : loaded 2 times (x 72B)
Class org.jetbrains.kotlin.protobuf.WireFormat$FieldType$3                            : loaded 2 times (x 84B)
Class org.jetbrains.org.objectweb.asm.AnnotationVisitor                               : loaded 2 times (x 80B)
Class jdk.internal.jimage.decompressor.ResourceDecompressorFactory                    : loaded 2 times (x 76B)
Class org.jetbrains.kotlin.metadata.ProtoBuf$VersionRequirement$Level                 : loaded 2 times (x 84B)
Class org.jetbrains.kotlin.metadata.ProtoBuf$VersionRequirementOrBuilder              : loaded 2 times (x 72B)
Class org.jetbrains.kotlin.descriptors.Visibilities$Internal                          : loaded 2 times (x 81B)
Class [Lorg.jetbrains.kotlin.metadata.ProtoBuf$Annotation$Argument$Value$Type;        : loaded 2 times (x 71B)
Class org.jetbrains.kotlin.metadata.ProtoBuf$Contract$1                               : loaded 2 times (x 146B)
Class org.jetbrains.kotlin.metadata.ProtoBuf$Type$1                                   : loaded 2 times (x 146B)
Class org.jetbrains.kotlin.protobuf.WireFormat$FieldType$4                            : loaded 2 times (x 84B)
Class org.jetbrains.kotlin.metadata.jvm.JvmProtoBuf$JvmMethodSignature$1              : loaded 2 times (x 146B)
Class org.jetbrains.kotlin.load.kotlin.FileBasedKotlinClass$3$1                       : loaded 2 times (x 80B)
Class org.jetbrains.kotlin.name.FqNameUnsafe                                          : loaded 2 times (x 74B)
Class org.jetbrains.kotlin.metadata.ProtoBuf$Expression                               : loaded 2 times (x 122B)
Class org.jetbrains.kotlin.incremental.classpathDiff.impl.PrefixBasedSnapshotter$getRangeByPredicate$1: loaded 2 times (x 81B)
Class org.jetbrains.kotlin.incremental.storage.CollectionExternalizerV2               : loaded 2 times (x 82B)
Class kotlin.io.FilesKt__UtilsKt                                                      : loaded 2 times (x 73B)
Class kotlin.collections.CollectionsKt__CollectionsJVMKt                              : loaded 2 times (x 73B)
Class jdk.internal.jimage.ImageReader$Node                                            : loaded 2 times (x 86B)
Class org.gradle.api.internal.classpath.DefaultModuleRegistry                         : loaded 2 times (x 88B)
Class org.jetbrains.kotlin.metadata.ProtoBuf$Annotation$Argument$1                    : loaded 2 times (x 146B)
Class org.jetbrains.kotlin.metadata.deserialization.Flags$BooleanFlagField            : loaded 2 times (x 78B)
Class kotlin.collections.IndexedValue                                                 : loaded 2 times (x 74B)
Class org.jetbrains.kotlin.metadata.ProtoBuf$Function$1                               : loaded 2 times (x 146B)
Class org.jetbrains.kotlin.metadata.jvm.deserialization.JvmProtoBufUtil               : loaded 2 times (x 73B)
Class org.jetbrains.org.objectweb.asm.AnnotationWriter                                : loaded 2 times (x 80B)
Class org.jetbrains.kotlin.load.kotlin.KotlinJvmBinaryClass$AnnotationVisitor         : loaded 2 times (x 72B)
Class kotlin.sequences.SequencesKt                                                    : loaded 2 times (x 73B)
Class kotlin.collections.CollectionsKt__IteratorsKt                                   : loaded 2 times (x 73B)
Class org.jetbrains.org.objectweb.asm.tree.MethodNode$1                               : loaded 2 times (x 211B)
Class jdk.internal.jimage.BasicImageReader$1                                          : loaded 2 times (x 79B)
Class org.jetbrains.kotlin.com.intellij.openapi.diagnostic.Logger$DefaultFactory      : loaded 2 times (x 76B)
Class kotlin.text.StringsKt                                                           : loaded 2 times (x 73B)
Class org.jetbrains.kotlin.descriptors.Visibilities$Private                           : loaded 2 times (x 81B)
Class kotlin.LazyKt__LazyJVMKt                                                        : loaded 2 times (x 73B)
Class org.jetbrains.kotlin.metadata.ProtoBuf$VersionRequirement$VersionKind$1         : loaded 2 times (x 76B)
Class org.jetbrains.kotlin.metadata.ProtoBuf$Annotation$1                             : loaded 2 times (x 146B)
Class org.jetbrains.kotlin.protobuf.AbstractParser                                    : loaded 2 times (x 146B)
Class org.jetbrains.kotlin.incremental.storage.ListExternalizer                       : loaded 2 times (x 82B)
Class kotlin.io.FilesKt__FileReadWriteKt                                              : loaded 2 times (x 73B)
Class kotlin.text.StringsKt__StringNumberConversionsKt                                : loaded 2 times (x 73B)
Class org.jetbrains.kotlin.cli.common.CompilerSystemProperties$value$1                : loaded 2 times (x 127B)
Class org.jetbrains.kotlin.buildtools.api.CompilerArgumentsParseException             : loaded 2 times (x 84B)
Class jdk.internal.jimage.decompressor.Decompressor                                   : loaded 2 times (x 74B)
Class org.gradle.internal.service.ServiceLookupException                              : loaded 2 times (x 84B)
Class org.jetbrains.kotlin.metadata.ProtoBuf$Expression$ConstantValue                 : loaded 2 times (x 84B)
Class [Lorg.jetbrains.kotlin.protobuf.Internal$EnumLite;                              : loaded 2 times (x 71B)
Class org.jetbrains.kotlin.com.intellij.openapi.diagnostic.LogLevel                   : loaded 2 times (x 81B)
Class org.jetbrains.kotlin.incremental.classpathDiff.InaccessibleClassSnapshot        : loaded 2 times (x 73B)
Class org.gradle.internal.classloader.ClassLoaderFactory                              : loaded 2 times (x 72B)
Class org.jetbrains.org.objectweb.asm.tree.ParameterNode                              : loaded 2 times (x 75B)
Class org.jetbrains.kotlin.incremental.classpathDiff.impl.PrefixBasedSnapshotter      : loaded 2 times (x 74B)
Class org.jetbrains.kotlin.incremental.classpathDiff.impl.ClassListSnapshotterWithInlinedClassSupport$ClassDescriptorForProcessing: loaded 2 times (x 74B)
Class org.gradle.internal.service.CachingServiceLocator                               : loaded 2 times (x 84B)
Class kotlin.jvm.internal.CallableReference                                           : loaded 2 times (x 108B)
Class org.jetbrains.kotlin.descriptors.Visibilities$Public                            : loaded 2 times (x 81B)
Class org.jetbrains.kotlin.protobuf.ExtensionRegistryLite$ObjectIntPair               : loaded 2 times (x 74B)
Class org.jetbrains.kotlin.metadata.ProtoBuf$Class$1                                  : loaded 2 times (x 146B)
Class org.jetbrains.kotlin.load.kotlin.header.ReadKotlinClassHeaderAnnotationVisitor$KotlinMetadataArgumentVisitor$1: loaded 2 times (x 87B)
Class org.jetbrains.kotlin.com.intellij.util.io.IOUtil$1                              : loaded 2 times (x 84B)
Class org.jetbrains.kotlin.metadata.ProtoBuf$VersionRequirement$1                     : loaded 2 times (x 146B)
Class [Lkotlin.reflect.KFunction;                                                     : loaded 2 times (x 71B)
Class org.jetbrains.kotlin.metadata.jvm.JvmProtoBuf$StringTableTypes$Record$1         : loaded 2 times (x 146B)
Class org.jetbrains.kotlin.load.kotlin.header.ReadKotlinClassHeaderAnnotationVisitor$KotlinMetadataArgumentVisitor$2: loaded 2 times (x 87B)
Class org.jetbrains.kotlin.com.intellij.util.io.IOUtil$2                              : loaded 2 times (x 78B)
Class org.jetbrains.org.objectweb.asm.tree.AnnotationNode                             : loaded 2 times (x 82B)
Class org.jetbrains.kotlin.incremental.classpathDiff.ClassSnapshot                    : loaded 2 times (x 73B)
Class org.jetbrains.kotlin.metadata.ProtoBuf$Annotation$Argument$Value$Type           : loaded 2 times (x 84B)
Class org.jetbrains.kotlin.descriptors.CallableMemberDescriptor$Kind                  : loaded 2 times (x 81B)
Class org.jetbrains.kotlin.metadata.ProtoBuf$TypeParameterOrBuilder                   : loaded 2 times (x 72B)
Class org.jetbrains.kotlin.metadata.ProtoBuf$Property                                 : loaded 2 times (x 173B)
Class org.jetbrains.org.objectweb.asm.Type                                            : loaded 2 times (x 74B)
Class org.jetbrains.kotlin.name.FqName                                                : loaded 2 times (x 74B)
Class kotlin.enums.EnumEntries                                                        : loaded 2 times (x 72B)
Class org.jetbrains.kotlin.name.ClassId                                               : loaded 2 times (x 74B)
Class org.jetbrains.kotlin.buildtools.api.internal.KotlinCompilerVersionKt            : loaded 2 times (x 73B)
Class org.jetbrains.org.objectweb.asm.TypePath                                        : loaded 2 times (x 74B)
Class org.jetbrains.kotlin.metadata.jvm.deserialization.UtfEncodingKt                 : loaded 2 times (x 73B)
Class org.jetbrains.kotlin.metadata.jvm.JvmProtoBuf$JvmFieldSignature$1               : loaded 2 times (x 146B)
Class org.jetbrains.kotlin.metadata.ProtoBuf$TypeTable                                : loaded 2 times (x 111B)
Class org.jetbrains.kotlin.metadata.jvm.JvmProtoBuf$JvmMethodSignature                : loaded 2 times (x 110B)
Class org.jetbrains.kotlin.protobuf.MessageLiteOrBuilder                              : loaded 2 times (x 72B)
Class org.jetbrains.kotlin.load.kotlin.header.ReadKotlinClassHeaderAnnotationVisitor$KotlinMetadataArgumentVisitor: loaded 2 times (x 88B)
Class org.jetbrains.kotlin.name.ClassId$Companion                                     : loaded 2 times (x 73B)
Class [Lorg.jetbrains.kotlin.cli.common.CompilerSystemProperties;                     : loaded 2 times (x 71B)
Class org.jetbrains.kotlin.incremental.storage.InlineFunctionExternalizer             : loaded 2 times (x 77B)
Class org.jetbrains.kotlin.metadata.ProtoBuf$AnnotationOrBuilder                      : loaded 2 times (x 72B)
Class org.jetbrains.kotlin.protobuf.WireFormat$FieldType                              : loaded 2 times (x 84B)
Class org.jetbrains.kotlin.com.intellij.openapi.diagnostic.Logger$Factory             : loaded 2 times (x 72B)
Class org.jetbrains.kotlin.load.kotlin.FileBasedKotlinClass                           : loaded 2 times (x 92B)
Class org.jetbrains.kotlin.buildtools.internal.ClasspathEntrySnapshotImpl             : loaded 2 times (x 78B)
Class jdk.internal.jimage.ImageBufferCache                                            : loaded 2 times (x 73B)
Class jdk.internal.jrtfs.JrtPath                                                      : loaded 2 times (x 124B)
Class org.gradle.internal.classloader.ClasspathUtil                                   : loaded 2 times (x 73B)
Class org.jetbrains.kotlin.metadata.ProtoBuf$TypeAlias                                : loaded 2 times (x 141B)
Class [Lorg.jetbrains.kotlin.metadata.ProtoBuf$TypeParameter$Variance;                : loaded 2 times (x 71B)
Class org.jetbrains.kotlin.metadata.ProtoBuf$Constructor                              : loaded 2 times (x 131B)
Class org.jetbrains.kotlin.inline.InlineUtilKt$WhenMappings                           : loaded 2 times (x 73B)
Class org.jetbrains.kotlin.metadata.jvm.deserialization.JvmMemberSignature            : loaded 2 times (x 76B)
Class org.jetbrains.kotlin.load.kotlin.header.KotlinClassHeader$Kind                  : loaded 2 times (x 81B)
Class org.jetbrains.kotlin.load.kotlin.KotlinJvmBinaryClass$AnnotationArgumentVisitor : loaded 2 times (x 72B)
Class kotlin.io.FileSystemException                                                   : loaded 2 times (x 84B)
Class org.jetbrains.kotlin.resolve.scopes.receivers.ReceiverValue                     : loaded 2 times (x 72B)
Class org.jetbrains.kotlin.incremental.storage.IntExternalizer                        : loaded 2 times (x 77B)
Class org.jetbrains.kotlin.metadata.jvm.JvmProtoBuf$JvmMethodSignature$Builder        : loaded 2 times (x 136B)
Class org.jetbrains.kotlin.metadata.ProtoBuf$VersionRequirementTableOrBuilder         : loaded 2 times (x 72B)
Class org.jetbrains.kotlin.metadata.jvm.JvmProtoBuf$JvmFieldSignatureOrBuilder        : loaded 2 times (x 72B)
Class org.jetbrains.org.objectweb.asm.ModuleVisitor                                   : loaded 2 times (x 83B)
Class kotlin.jvm.internal.DefaultConstructorMarker                                    : loaded 2 times (x 73B)
Class org.gradle.api.specs.Spec                                                       : loaded 2 times (x 72B)
Class org.jetbrains.kotlin.descriptors.DelegatedDescriptorVisibility                  : loaded 2 times (x 81B)
Class org.jetbrains.kotlin.serialization.deserialization.ProtoEnumFlagsUtilsKt$WhenMappings: loaded 2 times (x 73B)
Class org.jetbrains.kotlin.load.kotlin.header.KotlinClassHeader                       : loaded 2 times (x 74B)
Class org.jetbrains.kotlin.incremental.storage.MapExternalizer                        : loaded 2 times (x 82B)
Class org.jetbrains.kotlin.name.Name                                                  : loaded 2 times (x 77B)
Class org.jetbrains.kotlin.incremental.KotlinClassInfo$ExtraInfo                      : loaded 2 times (x 74B)
Class org.jetbrains.kotlin.metadata.deserialization.Flags                             : loaded 2 times (x 73B)
Class org.jetbrains.kotlin.metadata.ProtoBuf$TypeTable$1                              : loaded 2 times (x 146B)
Class org.jetbrains.org.objectweb.asm.Symbol                                          : loaded 2 times (x 75B)
Class kotlin.collections.EmptyIterator                                                : loaded 2 times (x 91B)
Class org.jetbrains.kotlin.incremental.ClassProtoData                                 : loaded 2 times (x 74B)
Class org.jetbrains.kotlin.inline.InlineFunctionOrAccessor                            : loaded 2 times (x 72B)
Class org.jetbrains.kotlin.metadata.ProtoBuf$Function                                 : loaded 2 times (x 162B)
Class org.jetbrains.kotlin.incremental.classpathDiff.impl.BasicClassInfoClassVisitor  : loaded 2 times (x 90B)
Class kotlin.SynchronizedLazyImpl                                                     : loaded 2 times (x 78B)
Class kotlin.text.StringsKt__RegexExtensionsKt                                        : loaded 2 times (x 73B)
Class jdk.internal.jimage.decompressor.ResourceDecompressorRepository                 : loaded 2 times (x 73B)
Class org.jetbrains.kotlin.metadata.ProtoBuf$Effect$InvocationKind                    : loaded 2 times (x 84B)
Class org.jetbrains.kotlin.metadata.ProtoBuf$VersionRequirementTable                  : loaded 2 times (x 109B)
Class org.jetbrains.kotlin.protobuf.LazyField                                         : loaded 2 times (x 85B)
Class org.jetbrains.kotlin.load.kotlin.header.ReadKotlinClassHeaderAnnotationVisitor  : loaded 2 times (x 82B)
Class kotlin.sequences.SequencesKt__SequencesJVMKt                                    : loaded 2 times (x 73B)
Class kotlin.collections.AbstractList                                                 : loaded 2 times (x 199B)
Class kotlin.collections.AbstractCollection                                           : loaded 2 times (x 119B)
Class jdk.internal.jimage.ImageReader$Directory                                       : loaded 2 times (x 86B)
Class org.jetbrains.kotlin.metadata.ProtoBuf$Expression$ConstantValue$1               : loaded 2 times (x 76B)
Class org.jetbrains.kotlin.descriptors.DescriptorVisibilities$10                      : loaded 2 times (x 78B)
Class kotlin.collections.ArrayAsCollection                                            : loaded 2 times (x 107B)
Class org.jetbrains.kotlin.metadata.ProtoBuf$TypeParameter$1                          : loaded 2 times (x 146B)
Class org.jetbrains.org.objectweb.asm.tree.LineNumberNode                             : loaded 2 times (x 80B)
Class kotlin.LazyKt__LazyKt                                                           : loaded 2 times (x 73B)
Class kotlin.text.StringsKt__StringBuilderJVMKt                                       : loaded 2 times (x 73B)
Class org.jetbrains.kotlin.com.google.common.base.Function                            : loaded 2 times (x 72B)
Class org.jetbrains.kotlin.descriptors.DescriptorVisibilities$11                      : loaded 2 times (x 78B)
Class org.jetbrains.kotlin.metadata.deserialization.BinaryVersion$Companion           : loaded 2 times (x 73B)
Class kotlin.UNINITIALIZED_VALUE                                                      : loaded 2 times (x 73B)
Class org.jetbrains.kotlin.buildtools.api.CompilationService                          : loaded 2 times (x 72B)
Class org.gradle.internal.classloader.VisitableURLClassLoader$InstrumentingVisitableURLClassLoader: loaded 2 times (x 124B)
Class org.jetbrains.kotlin.descriptors.DescriptorVisibilities$12                      : loaded 2 times (x 78B)
Class org.jetbrains.kotlin.metadata.ProtoBuf$ClassOrBuilder                           : loaded 2 times (x 72B)
Class org.jetbrains.kotlin.metadata.ProtoBuf$ValueParameter                           : loaded 2 times (x 134B)
Class kotlin.comparisons.ComparisonsKt__ComparisonsKt                                 : loaded 2 times (x 73B)
Class kotlin.ranges.RangesKt__RangesKt                                                : loaded 2 times (x 73B)
Class kotlin.collections.SetsKt___SetsKt                                              : loaded 2 times (x 73B)
Class kotlin.sequences.SequencesKt__SequencesKt                                       : loaded 2 times (x 73B)
Class org.gradle.internal.classloader.VisitableURLClassLoader$Spec                    : loaded 2 times (x 76B)
Class org.gradle.internal.classpath.DefaultClassPath                                  : loaded 2 times (x 92B)
Class org.jetbrains.kotlin.metadata.ProtoBuf$TypeAlias$1                              : loaded 2 times (x 146B)
Class org.jetbrains.org.objectweb.asm.Handler                                         : loaded 2 times (x 74B)
Class org.jetbrains.kotlin.incremental.DifferenceCalculator                           : loaded 2 times (x 75B)
Class org.jetbrains.kotlin.metadata.ProtoBuf$Annotation$Argument$ValueOrBuilder       : loaded 2 times (x 72B)
Class org.jetbrains.kotlin.incremental.impl.ExtraClassInfoGenerator                   : loaded 2 times (x 75B)
Class org.jetbrains.kotlin.com.intellij.util.io.DataExternalizer                      : loaded 2 times (x 72B)
Class kotlin.comparisons.ComparisonsKt                                                : loaded 2 times (x 73B)
Class kotlin.comparisons.ComparisonsKt___ComparisonsKt                                : loaded 2 times (x 73B)
Class kotlin.sequences.FilteringSequence                                              : loaded 2 times (x 77B)
Class org.jetbrains.kotlin.metadata.ProtoBuf$TypeParameter$Variance$1                 : loaded 2 times (x 76B)
Class jdk.internal.jimage.decompressor.ZipDecompressorFactory                         : loaded 2 times (x 76B)
Class org.jetbrains.kotlin.metadata.ProtoBuf$Effect$1                                 : loaded 2 times (x 146B)
Class org.jetbrains.kotlin.metadata.ProtoBuf$Visibility                               : loaded 2 times (x 84B)
Class org.jetbrains.kotlin.metadata.ProtoBuf$ConstructorOrBuilder                     : loaded 2 times (x 72B)
Class org.jetbrains.kotlin.metadata.jvm.JvmProtoBuf                                   : loaded 2 times (x 73B)
Class org.jetbrains.kotlin.metadata.jvm.deserialization.JvmMemberSignature$Field      : loaded 2 times (x 77B)
Class org.gradle.internal.classloader.ClassLoaderSpec                                 : loaded 2 times (x 73B)
Class kotlin.jvm.internal.FunctionReferenceImpl                                       : loaded 2 times (x 124B)
Class org.jetbrains.kotlin.descriptors.DeclarationDescriptorWithVisibility            : loaded 2 times (x 72B)
Class org.jetbrains.kotlin.protobuf.SmallSortedMap                                    : loaded 2 times (x 131B)
Class org.jetbrains.org.objectweb.asm.tree.AbstractInsnNode                           : loaded 2 times (x 80B)
Class org.jetbrains.org.objectweb.asm.tree.InnerClassNode                             : loaded 2 times (x 75B)
Class kotlin.collections.CollectionsKt___CollectionsJvmKt                             : loaded 2 times (x 73B)
Class org.jetbrains.kotlin.protobuf.SmallSortedMap$EmptySet                           : loaded 2 times (x 73B)
Class org.jetbrains.kotlin.protobuf.MessageLite                                       : loaded 2 times (x 72B)
Class kotlin.Unit                                                                     : loaded 2 times (x 73B)
Class kotlin.TuplesKt                                                                 : loaded 2 times (x 73B)
Class org.jetbrains.kotlin.incremental.IncrementalJvmCacheKt                          : loaded 2 times (x 73B)
Class org.jetbrains.kotlin.load.kotlin.header.KotlinClassHeader$Kind$Companion        : loaded 2 times (x 73B)
Class org.jetbrains.kotlin.incremental.classpathDiff.impl.InlinedClassSnapshotter     : loaded 2 times (x 77B)
Class kotlin.sequences.SequencesKt___SequencesJvmKt                                   : loaded 2 times (x 73B)
Class Settings_gradle$1$1                                                             : loaded 2 times (x 76B)
Class org.jetbrains.kotlin.cli.common.ModuleVisibilityHelperImpl                      : loaded 2 times (x 76B)
Class org.jetbrains.kotlin.incremental.classpathDiff.impl.PrefixBasedSnapshotter$special$$inlined$sortedBy$1: loaded 2 times (x 91B)
Class kotlin.ranges.RangesKt                                                          : loaded 2 times (x 73B)
Class org.gradle.internal.classloader.VisitableURLClassLoader                         : loaded 2 times (x 118B)
Class org.jetbrains.kotlin.load.kotlin.header.ReadKotlinClassHeaderAnnotationVisitor$1: loaded 2 times (x 73B)
Class org.jetbrains.kotlin.inline.InlineFunction                                      : loaded 2 times (x 77B)
Class kotlin.collections.ArraysUtilJVM                                                : loaded 2 times (x 73B)
Class kotlin.jvm.functions.Function0                                                  : loaded 2 times (x 72B)
Class Settings_gradle                                                                 : loaded 2 times (x 126B)
Class org.gradle.internal.Cast                                                        : loaded 2 times (x 73B)
Class org.gradle.api.Action                                                           : loaded 2 times (x 72B)
Class [Lorg.jetbrains.kotlin.metadata.ProtoBuf$VersionRequirement$VersionKind;        : loaded 2 times (x 71B)
Class org.jetbrains.kotlin.protobuf.CodedOutputStream                                 : loaded 2 times (x 74B)
Class org.jetbrains.kotlin.metadata.ProtoBuf$Annotation                               : loaded 2 times (x 111B)
Class org.jetbrains.org.objectweb.asm.tree.TypeInsnNode                               : loaded 2 times (x 80B)
Class kotlin.jvm.functions.Function1                                                  : loaded 2 times (x 72B)
Class jdk.internal.jimage.decompressor.ZipDecompressor                                : loaded 2 times (x 77B)
Class org.jetbrains.kotlin.incremental.impl.InstanceOwnerRecordingClassVisitor$visitMethod$1: loaded 2 times (x 107B)
Class [Lorg.jetbrains.kotlin.metadata.jvm.JvmProtoBuf$StringTableTypes$Record$Operation;: loaded 2 times (x 71B)
Class [Lorg.jetbrains.kotlin.load.kotlin.header.KotlinClassHeader$Kind;               : loaded 2 times (x 71B)
Class kotlin.jvm.functions.Function2                                                  : loaded 2 times (x 72B)
Class org.gradle.internal.classpath.DefaultClassPath$ImmutableUniqueList$Builder      : loaded 2 times (x 77B)
Class org.jetbrains.org.objectweb.asm.tree.ModuleExportNode                           : loaded 2 times (x 75B)
Class org.jetbrains.kotlin.serialization.deserialization.ProtoEnumFlags               : loaded 2 times (x 73B)
Class org.jetbrains.kotlin.protobuf.Internal$EnumLite                                 : loaded 2 times (x 72B)
Class org.jetbrains.kotlin.incremental.classpathDiff.PackageFacadeKotlinClassSnapshot : loaded 2 times (x 78B)
Class kotlin.jvm.functions.Function3                                                  : loaded 2 times (x 72B)
Class kotlin.collections.MapsKt___MapsJvmKt                                           : loaded 2 times (x 73B)
Class org.jetbrains.kotlin.incremental.classpathDiff.impl.ClassListSnapshotterWithInlinedClassSupport: loaded 2 times (x 77B)
Class org.jetbrains.kotlin.incremental.impl.ConstantValueExternalizer                 : loaded 2 times (x 78B)
Class org.jetbrains.kotlin.protobuf.RopeByteString                                    : loaded 2 times (x 112B)
Class kotlin.collections.EmptySet                                                     : loaded 2 times (x 124B)
Class org.jetbrains.kotlin.metadata.jvm.deserialization.JvmNameResolverBase           : loaded 2 times (x 82B)
Class org.jetbrains.org.objectweb.asm.tree.MultiANewArrayInsnNode                     : loaded 2 times (x 80B)
Class org.jetbrains.org.objectweb.asm.tree.IincInsnNode                               : loaded 2 times (x 80B)
Class org.jetbrains.kotlin.incremental.classpathDiff.impl.BasicClassInfo$Companion    : loaded 2 times (x 73B)
Class org.jetbrains.kotlin.incremental.classpathDiff.impl.ClassMultiHashProvider      : loaded 2 times (x 72B)
Class kotlin.collections.CollectionsKt___CollectionsKt                                : loaded 2 times (x 73B)
Class org.jetbrains.kotlin.cli.common.arguments.K2JVMCompilerArguments                : loaded 2 times (x 77B)
Class org.gradle.api.GradleException                                                  : loaded 2 times (x 84B)
Class org.jetbrains.kotlin.incremental.PackagePartProtoData                           : loaded 2 times (x 74B)
Class kotlin.reflect.KDeclarationContainer                                            : loaded 2 times (x 72B)
Class org.jetbrains.org.objectweb.asm.SymbolTable$Entry                               : loaded 2 times (x 75B)
Class org.jetbrains.org.objectweb.asm.tree.LocalVariableAnnotationNode                : loaded 2 times (x 84B)
Class org.jetbrains.kotlin.metadata.deserialization.BinaryVersion                     : loaded 2 times (x 76B)
Class kotlin.text.StringsKt___StringsJvmKt                                            : loaded 2 times (x 73B)
Class jdk.internal.jimage.ImageStrings                                                : loaded 2 times (x 72B)
Class org.jetbrains.kotlin.metadata.ProtoBuf$EnumEntry$1                              : loaded 2 times (x 146B)
Class org.jetbrains.kotlin.metadata.ProtoBuf$Type$Argument$Projection                 : loaded 2 times (x 84B)
Class org.jetbrains.org.objectweb.asm.tree.InvokeDynamicInsnNode                      : loaded 2 times (x 80B)
Class kotlin.collections.MapsKt___MapsKt                                              : loaded 2 times (x 73B)
Class kotlin.io.FilesKt                                                               : loaded 2 times (x 73B)
Class kotlin.collections.ArraysKt___ArraysKt                                          : loaded 2 times (x 73B)
Class org.jetbrains.kotlin.incremental.classpathDiff.impl.PrefixBasedSnapshotter$getRangeByPredicate$1$iterator$1$special$$inlined$binarySearchBy$default$1: loaded 2 times (x 77B)
Class org.jetbrains.kotlin.incremental.classpathDiff.impl.PrefixBasedSnapshotter$getRangeByPredicate$1$iterator$1: loaded 2 times (x 81B)
Class org.jetbrains.kotlin.metadata.jvm.JvmProtoBuf$JvmPropertySignature$Builder      : loaded 2 times (x 142B)
Class [Lorg.jetbrains.org.objectweb.asm.Symbol;                                       : loaded 2 times (x 71B)
Class kotlin.collections.MapsKt__MapWithDefaultKt                                     : loaded 2 times (x 73B)
Class org.jetbrains.kotlin.cli.common.arguments.CommonCompilerArguments               : loaded 2 times (x 76B)
Class org.jetbrains.kotlin.incremental.ProtoData                                      : loaded 2 times (x 73B)
Class org.jetbrains.kotlin.metadata.ProtoBuf$VersionRequirementTable$1                : loaded 2 times (x 146B)
Class org.jetbrains.kotlin.metadata.ProtoBuf$Contract                                 : loaded 2 times (x 109B)
Class kotlin.collections.CollectionsKt__MutableCollectionsJVMKt                       : loaded 2 times (x 73B)
Class kotlin.enums.EnumEntriesKt                                                      : loaded 2 times (x 73B)
Class kotlin.text.StringsKt___StringsKt                                               : loaded 2 times (x 73B)
Class org.jetbrains.kotlin.cli.common.arguments.CommonCompilerArgumentsConfigurator   : loaded 2 times (x 76B)
Class org.gradle.internal.IoActions                                                   : loaded 2 times (x 73B)
Class org.jetbrains.kotlin.metadata.jvm.deserialization.JvmNameResolverBase$WhenMappings: loaded 2 times (x 73B)
Class org.jetbrains.kotlin.incremental.ProtoDifferenceUtilsKt                         : loaded 2 times (x 73B)
Class org.jetbrains.kotlin.descriptors.Visibilities$Local                             : loaded 2 times (x 81B)
Class org.jetbrains.kotlin.protobuf.WireFormat                                        : loaded 2 times (x 73B)
Class org.jetbrains.kotlin.metadata.jvm.deserialization.BitEncoding                   : loaded 2 times (x 73B)
Class [Lorg.jetbrains.kotlin.com.intellij.util.io.DataExternalizer;                   : loaded 2 times (x 71B)
Class org.jetbrains.org.objectweb.asm.Attribute                                       : loaded 2 times (x 77B)
Class org.jetbrains.org.objectweb.asm.Label                                           : loaded 2 times (x 74B)
Class org.gradle.internal.classloader.SystemClassLoaderSpec                           : loaded 2 times (x 73B)
Class [Lorg.jetbrains.kotlin.metadata.ProtoBuf$Effect$EffectType;                     : loaded 2 times (x 71B)
Class kotlin.reflect.KAnnotatedElement                                                : loaded 2 times (x 72B)
Class org.jetbrains.org.objectweb.asm.Frame                                           : loaded 2 times (x 75B)
Class org.jetbrains.kotlin.incremental.classpathDiff.DirectoryOrJarReader$Companion   : loaded 2 times (x 73B)
Class kotlin.jvm.internal.Intrinsics                                                  : loaded 2 times (x 73B)
Class org.jetbrains.kotlin.incremental.KotlinClassInfo                                : loaded 2 times (x 74B)
Class org.jetbrains.kotlin.metadata.ProtoBuf$Type$Argument                            : loaded 2 times (x 112B)
Class org.jetbrains.org.objectweb.asm.tree.ClassNode                                  : loaded 2 times (x 92B)
Class org.jetbrains.kotlin.load.kotlin.FileBasedKotlinClass$InnerClassesInfo          : loaded 2 times (x 76B)
Class kotlin.collections.MapsKt                                                       : loaded 2 times (x 73B)
Class kotlin.collections.CollectionsKt__IterablesKt                                   : loaded 2 times (x 73B)
Class jdk.internal.jrtfs.JrtFileSystem                                                : loaded 2 times (x 104B)
Class org.jetbrains.kotlin.resolve.scopes.receivers.Receiver                          : loaded 2 times (x 72B)
Class org.jetbrains.kotlin.metadata.ProtoBuf$Modality$1                               : loaded 2 times (x 76B)
Class org.jetbrains.org.objectweb.asm.tree.TypeAnnotationNode                         : loaded 2 times (x 82B)
Class kotlin.KotlinNullPointerException                                               : loaded 2 times (x 84B)
Class org.jetbrains.kotlin.cli.common.CompilerSystemProperties$Companion              : loaded 2 times (x 73B)
Class jdk.internal.jimage.decompressor.CompressedResourceHeader                       : loaded 2 times (x 73B)
Class org.jetbrains.kotlin.metadata.jvm.JvmProtoBuf$1                                 : loaded 2 times (x 73B)
Class org.jetbrains.kotlin.metadata.ProtoBuf$VersionRequirement                       : loaded 2 times (x 118B)
Class kotlin.ranges.RangesKt___RangesKt                                               : loaded 2 times (x 73B)
Class org.jetbrains.org.objectweb.asm.Opcodes                                         : loaded 2 times (x 72B)
Class org.jetbrains.kotlin.descriptors.annotations.Annotated                          : loaded 2 times (x 72B)
Class org.jetbrains.kotlin.incremental.DifferenceCalculatorForPackageFacade           : loaded 2 times (x 76B)
Class org.jetbrains.kotlin.com.intellij.openapi.diagnostic.Attachment                 : loaded 2 times (x 74B)
Class [Lorg.jetbrains.org.objectweb.asm.AnnotationVisitor;                            : loaded 2 times (x 71B)
Class org.jetbrains.kotlin.descriptors.SourceElement$1                                : loaded 2 times (x 76B)
Class kotlin.collections.ArraysKt                                                     : loaded 2 times (x 73B)
Class org.jetbrains.kotlin.cli.common.arguments.CommonToolArguments                   : loaded 2 times (x 75B)
Class org.jetbrains.kotlin.metadata.ProtoBuf$Expression$1                             : loaded 2 times (x 146B)
Class org.jetbrains.kotlin.descriptors.DescriptorVisibility                           : loaded 2 times (x 80B)
Class org.jetbrains.kotlin.incremental.classpathDiff.RegularKotlinClassSnapshot       : loaded 2 times (x 78B)
Class org.jetbrains.kotlin.incremental.impl.ClassNodeSnapshotter                      : loaded 2 times (x 73B)
Class kotlin.collections.SetsKt__SetsKt                                               : loaded 2 times (x 73B)
Class kotlin.LazyKt                                                                   : loaded 2 times (x 73B)
Class org.jetbrains.kotlin.metadata.ProtoBuf$ExpressionOrBuilder                      : loaded 2 times (x 72B)
Class org.jetbrains.kotlin.incremental.classpathDiff.impl.SingleClassSnapshotter$WhenMappings: loaded 2 times (x 73B)
Class [Lorg.jetbrains.kotlin.metadata.ProtoBuf$Type$Argument$Projection;              : loaded 2 times (x 71B)
Class org.jetbrains.kotlin.incremental.classpathDiff.JavaClassSnapshot                : loaded 2 times (x 77B)
Class org.jetbrains.org.objectweb.asm.RecordComponentWriter                           : loaded 2 times (x 79B)
Class kotlin.collections.ArraysKt__ArraysJVMKt                                        : loaded 2 times (x 73B)
Class org.jetbrains.kotlin.cli.common.messages.MessageCollector$Companion$NONE$1      : loaded 2 times (x 78B)
Class org.jetbrains.kotlin.metadata.ProtoBuf$EnumEntryOrBuilder                       : loaded 2 times (x 72B)
Class kotlin.jvm.internal.CallableReference$NoReceiver                                : loaded 2 times (x 73B)
Class org.jetbrains.kotlin.descriptors.ValidateableDescriptor                         : loaded 2 times (x 72B)
Class org.jetbrains.kotlin.incremental.impl.InstanceOwnerRecordingClassVisitor        : loaded 2 times (x 90B)
Class org.jetbrains.kotlin.metadata.jvm.JvmProtoBuf$JvmPropertySignature$1            : loaded 2 times (x 146B)
Class org.jetbrains.org.objectweb.asm.MethodWriter                                    : loaded 2 times (x 107B)
Class kotlin.text.StringsKt__StringBuilderKt                                          : loaded 2 times (x 73B)
Class org.gradle.api.internal.classpath.GlobalCacheRootsProvider                      : loaded 2 times (x 72B)
Class org.jetbrains.kotlin.incremental.storage.FqNameExternalizer                     : loaded 2 times (x 77B)
Class kotlin.Lazy                                                                     : loaded 2 times (x 72B)
Class kotlin.NoWhenBranchMatchedException                                             : loaded 2 times (x 84B)
Class [Lorg.jetbrains.kotlin.metadata.ProtoBuf$Expression$ConstantValue;              : loaded 2 times (x 71B)
Class org.jetbrains.kotlin.metadata.ProtoBuf$Effect                                   : loaded 2 times (x 117B)
Class org.jetbrains.kotlin.incremental.storage.ClassIdExternalizer                    : loaded 2 times (x 77B)
Class org.jetbrains.org.objectweb.asm.tree.InsnNode                                   : loaded 2 times (x 80B)
Class [Lkotlin.jvm.functions.Function1;                                               : loaded 2 times (x 71B)
Class org.jetbrains.org.objectweb.asm.RecordComponentVisitor                          : loaded 2 times (x 79B)
Class org.jetbrains.kotlin.descriptors.Visibility                                     : loaded 2 times (x 81B)
Class org.jetbrains.kotlin.protobuf.RopeByteString$RopeInputStream                    : loaded 2 times (x 94B)
Class org.jetbrains.kotlin.protobuf.CodedInputStream                                  : loaded 2 times (x 74B)
Class org.jetbrains.kotlin.incremental.storage.NullableValueExternalizer              : loaded 2 times (x 78B)
Class org.jetbrains.org.objectweb.asm.MethodTooLargeException                         : loaded 2 times (x 84B)
Class org.jetbrains.org.objectweb.asm.Context                                         : loaded 2 times (x 74B)
Class kotlin.sequences.ConstrainedOnceSequence                                        : loaded 2 times (x 77B)
Class org.jetbrains.kotlin.metadata.ProtoBuf$1                                        : loaded 2 times (x 73B)
Class org.jetbrains.kotlin.mpp.DeclarationSymbolMarker                                : loaded 2 times (x 72B)
Class org.jetbrains.kotlin.protobuf.MessageLite$Builder                               : loaded 2 times (x 72B)
Class org.jetbrains.org.objectweb.asm.CurrentFrame                                    : loaded 2 times (x 75B)
Class kotlin.jvm.internal.markers.KMappedMarker                                       : loaded 2 times (x 72B)
Class Build_gradle                                                                    : loaded 2 times (x 128B)
Class org.gradle.internal.installation.CurrentGradleInstallationLocator               : loaded 2 times (x 73B)
Class org.jetbrains.kotlin.metadata.ProtoBuf$VersionRequirement$Level$1               : loaded 2 times (x 76B)
Class org.jetbrains.kotlin.protobuf.FieldSet$1                                        : loaded 2 times (x 73B)
Class org.jetbrains.kotlin.com.intellij.openapi.util.ThreadLocalCachedValue           : loaded 2 times (x 77B)
Class org.jetbrains.org.objectweb.asm.tree.LdcInsnNode                                : loaded 2 times (x 80B)
Class org.jetbrains.kotlin.incremental.classpathDiff.ClasspathEntrySnapshotter        : loaded 2 times (x 73B)
Class org.jetbrains.kotlin.cli.common.messages.CompilerMessageSeverity$Companion      : loaded 2 times (x 73B)
Class org.gradle.internal.service.DefaultServiceLocator                               : loaded 2 times (x 85B)
Class org.jetbrains.kotlin.metadata.ProtoBuf$Class$Kind$1                             : loaded 2 times (x 76B)
Class org.jetbrains.kotlin.protobuf.SmallSortedMap$Entry                              : loaded 2 times (x 90B)
Class org.jetbrains.kotlin.metadata.ProtoBuf$Package$1                                : loaded 2 times (x 146B)
Class org.jetbrains.org.objectweb.asm.SymbolTable                                     : loaded 2 times (x 74B)
Class org.jetbrains.org.objectweb.asm.tree.UnsupportedClassVersionException           : loaded 2 times (x 84B)
Class org.jetbrains.org.objectweb.asm.tree.RecordComponentNode                        : loaded 2 times (x 81B)
Class org.jetbrains.kotlin.name.FqName$Companion                                      : loaded 2 times (x 73B)
Class org.jetbrains.kotlin.util.capitalizeDecapitalize.CapitalizeDecapitalizeKt       : loaded 2 times (x 73B)
Class org.gradle.internal.installation.CurrentGradleInstallation                      : loaded 2 times (x 75B)
Class org.jetbrains.kotlin.metadata.ProtoBuf$Annotation$ArgumentOrBuilder             : loaded 2 times (x 72B)
Class org.jetbrains.kotlin.protobuf.FieldSet$FieldDescriptorLite                      : loaded 2 times (x 72B)
Class org.jetbrains.kotlin.protobuf.AbstractMessageLite                               : loaded 2 times (x 100B)
Class org.jetbrains.org.objectweb.asm.ModuleWriter                                    : loaded 2 times (x 83B)
Class org.jetbrains.kotlin.incremental.classpathDiff.JarReader                        : loaded 2 times (x 84B)
Class org.gradle.util.internal.GUtil                                                  : loaded 2 times (x 73B)
Class org.jetbrains.kotlin.metadata.jvm.JvmProtoBuf$StringTableTypes$Record           : loaded 2 times (x 121B)
Class org.jetbrains.kotlin.protobuf.FieldSet                                          : loaded 2 times (x 74B)
Class [Lorg.jetbrains.org.objectweb.asm.Label;                                        : loaded 2 times (x 71B)
Class kotlin.io.NoSuchFileException                                                   : loaded 2 times (x 84B)
Class kotlin.collections.CollectionsKt                                                : loaded 2 times (x 73B)
Class org.jetbrains.kotlin.incremental.DifferenceCalculatorForPackageFacade$Companion : loaded 2 times (x 73B)
Class [Lorg.jetbrains.kotlin.metadata.ProtoBuf$MemberKind;                            : loaded 2 times (x 71B)
Class org.jetbrains.kotlin.metadata.ProtoBuf$Package                                  : loaded 2 times (x 130B)
Class org.jetbrains.kotlin.metadata.ProtoBuf$Annotation$Argument$Value$Type$1         : loaded 2 times (x 76B)
Class org.jetbrains.kotlin.metadata.ProtoBuf$TypeTableOrBuilder                       : loaded 2 times (x 72B)
Class org.jetbrains.kotlin.metadata.ProtoBuf$TypeOrBuilder                            : loaded 2 times (x 72B)
Class org.jetbrains.kotlin.buildtools.internal.CompilationServiceImpl                 : loaded 2 times (x 83B)
Class org.gradle.internal.installation.GradleInstallation                             : loaded 2 times (x 77B)
Class org.jetbrains.kotlin.metadata.deserialization.ProtoTypeTableUtilKt              : loaded 2 times (x 73B)
Class [Lorg.jetbrains.kotlin.descriptors.DescriptorVisibility;                        : loaded 2 times (x 71B)
Class org.jetbrains.kotlin.incremental.storage.InlineFunctionOrAccessorExternalizer   : loaded 2 times (x 78B)
Class org.jetbrains.kotlin.incremental.classpathDiff.impl.ClassFileWithContentsProvider: loaded 2 times (x 74B)
Class kotlin.collections.CollectionsKt__IteratorsJVMKt$iterator$1                     : loaded 2 times (x 81B)
Class jdk.internal.jimage.decompressor.ResourceDecompressor$StringsProvider           : loaded 2 times (x 72B)
Class org.jetbrains.org.objectweb.asm.tree.ModuleRequireNode                          : loaded 2 times (x 75B)
Class org.jetbrains.kotlin.metadata.ProtoBuf$Annotation$Builder                       : loaded 2 times (x 137B)
Class kotlin.jvm.KotlinReflectionNotSupportedError                                    : loaded 2 times (x 84B)
Class org.jetbrains.kotlin.metadata.jvm.JvmProtoBuf$StringTableTypes$Record$Operation : loaded 2 times (x 84B)
Class org.jetbrains.kotlin.com.intellij.openapi.diagnostic.DefaultLogger              : loaded 2 times (x 102B)

---------------  S Y S T E M  ---------------

OS:
 Windows 11 , 64 bit Build 26100 (10.0.26100.9444)
OS uptime: 1 days 11:20 hours
Hyper-V role detected

CPU: total 8 (initial active 8) (8 cores per cpu, 2 threads per core) family 23 model 160 stepping 0 microcode 0x8a00006, cx8, cmov, fxsr, ht, mmx, 3dnowpref, sse, sse2, sse3, ssse3, sse4a, sse4.1, sse4.2, popcnt, lzcnt, tsc, tscinvbit, avx, avx2, aes, clmul, bmi1, bmi2, adx, sha, fma, vzeroupper, clflush, clflushopt, clwb, hv, rdtscp, rdpid, f16c
Processor Information for the first 8 processors :
  Max Mhz: 2801, Current Mhz: 2801, Mhz Limit: 2801

Memory: 4k page, system-wide physical 5965M (223M free)
TotalPageFile size 24189M (AvailPageFile size 695M)
current process WorkingSet (physical memory assigned to process): 372M, peak: 937M
current process commit charge ("private bytes"): 1802M, peak: 2763M

vm_info: OpenJDK 64-Bit Server VM (25.0.2+-15348964-b329.117) for windows-amd64 JRE (25.0.2+-15348964-b329.117), built on 2026-05-05T18:25:19Z with MS VC++ 16.10 / 16.11 (VS2019)

END.
